GRN	1	1	100	PO\00002		0	SM-A066BLGG
GRN	1	1	100	PO\00002		0	SM-A066BLGG
GRN	1	1	100	PO\00002		0	SM-A066BLGG
GRN	1	1	100	PO\00002		0	SM-A066BLGG
GRN	1	1	100	PO\00002		0	SM-A066BLGG
GRN	1	1	100	PO\00002		0	SM-A066BLGG
GRN	1	1	100	PO\00002		0	SM-A066BLGG
GRN	1	1	100	PO\00002		0	SM-A066BLGG
GRN	1	1	100	PO\00002		0	SM-A066BLGG
GRN	1	1	100	PO\00002		0	SM-A066BLGG
GRN	1	1	100	PO\00002		0	SM-A066BLGG
GRN	1	1	100	PO\00002		0	SM-A066BLGG
GRN	1	1	100	PO\00002		0	SM-A066BLGG
GRN	1	1	100	PO\00002		0	SM-A066BLGG
GRN	1	1	100	PO\00002		0	SM-A066BLGG
GRN	1	1	100	PO\00002		0	SM-A176BZALINS
GRN	1	1	100	PO\00002		0	SM-A176BZALINS
GRN	1	1	100	PO\00002		0	SM-A176BZALINS
GRN	1	1	100	PO\00002		0	SM-A176BZALINS
GRN	1	1	100	PO\00002		0	SM-A176BZALINS
GRN	1	1	100	PO\00002		0	SM-A176BZALINS
GRN	1	1	100	PO\00002		0	SM-A176BZALINS
GRN	1	1	100	PO\00002		0	SM-A176BZALINS
GRN	1	1	100	PO\00002		0	SM-A176BZALINS
GRN	1	1	100	PO\00002		0	SM-A176BZALINS
GRN	1	1	100	PO\00002		0	SM-A176BZALINS
GRN	1	1	100	PO\00002		0	SM-A176BZALINS
GRN	1	1	100	PO\00002		0	SM-A176BZALINS
GRN	1	1	100	PO\00002		0	SM-A176BZALINS
GRN	1	1	100	PO\00002		0	SM-A176BZALINS
GRN	1	1	100	PO\00002		0	SM-A176BZALINS
GRN	1	1	100	PO\00002		0	SM-A176BZALINS
GRN	1	1	100	PO\00002		0	SM-A176BZALINS
GRN	1	1	100	PO\00002		0	SM-A176BZALINS
GRN	1	1	100	PO\00002		0	SM-A176BZALINS
GRN	1	1	100	PO\00002		0	SM-A176BZALINS
GRN	1	1	100	PO\00002		0	SM-A176BZALINS
GRN	1	1	100	PO\00002		0	SM-A176BZALINS
GRN	1	1	100	PO\00002		0	SM-A176BZALINS
GRN	1	1	100	PO\00002		0	SM-A176BZALINS
GRN	1	1	100	PO\00002		0	SM-A176BZALINS
GRN	1	1	100	PO\00002		0	SM-A176BZALINS
GRN	1	1	100	PO\00002		0	SM-A176BZALINS
GRN	1	1	100	PO\00002		0	SM-A176BZALINS
GRN	1	1	100	PO\00002		0	SM-A176BZALINS
GRN	1	1	100	PO\00002		0	SM-A176BZALINS
GRN	1	1	100	PO\00002		0	SM-A176BZALINS
GRN	1	1	100	PO\00002		0	SM-A176BZALINS
GRN	1	1	100	PO\00002		0	SM-A176BZALINS
GRN	1	1	100	PO\00002		0	SM-A176BZALINS
GRN	1	1	100	PO\00002		0	SM-A176BZALINS
GRN	1	1	100	PO\00002		0	SM-A176BZALINS
GRN	1	1	100	PO\00002		0	SM-A176BZALINS
GRN	1	1	100	PO\00002		0	SM-A176BZALINS
GRN	1	1	100	PO\00002		0	SM-A176BZALINS
GRN	1	1	100	PO\00002		0	SM-A176BZALINS
GRN	1	1	100	PO\00002		0	SM-A176BZALINS
GRN	1	1	100	PO\00002		0	SM-A176BZALINS
GRN	1	1	100	PO\00002		0	SM-A176BZALINS
GRN	1	1	100	PO\00002		0	SM-A176BZALINS
GRN	1	1	100	PO\00002		0	SM-A176BZALINS
GRN	1	1	100	PO\00002		0	SM-A176BZALINS
GRN	1	1	100	PO\00002		0	SM-A176BZALINS
GRN	1	1	100	PO\00002		0	SM-A176BZALINS
GRN	1	1	100	PO\00002		0	SM-A176BZALINS
GRN	1	1	100	PO\00002		0	SM-A176BZALINS
GRN	1	1	100	PO\00002		0	SM-A176BZALINS
GRN	1	1	100	PO\00002		0	SM-A176BZALINS
GRN	1	1	100	PO\00002		0	SM-A176BZALINS
GRN	1	1	100	PO\00002		0	SM-A176BZALINS
GRN	1	1	100	PO\00002		0	SM-A176BZALINS
GRN	1	1	100	PO\00002		0	SM-A176BZALINS
GRN	1	1	100	PO\00002		0	SM-A176BZALINS
GRN	1	1	100	PO\00002		0	SM-A176BZALINS
GRN	1	1	100	PO\00002		0	SM-A176BZALINS
GRN	1	1	100	PO\00002		0	SM-A176BZALINS
GRN	1	1	100	PO\00002		0	SM-A176BZALINS
GRN	1	1	100	PO\00002		0	SM-A176BZALINS
GRN	1	1	100	PO\00002		0	SM-A176BZALINS
GRN	1	1	100	PO\00002		0	SM-A176BZALINS
GRN	1	1	100	PO\00002		0	SM-A176BZALINS
GRN	1	1	100	PO\00002		0	SM-A176BZALINS
GRN	1	1	100	PO\00002		0	SM-A176BZALINS
GRN	1	1	100	PO\00002		0	SM-A176BZALINS
GRN	1	1	100	PO\00002		0	SM-A176BZALINS
GRN	1	1	100	PO\00002		0	SM-A176BZALINS
GRN	1	1	100	PO\00002		0	SM-A066BLGG
GRN	1	1	100	PO\00002		0	SM-A066BLGG
GRN	1	1	100	PO\00002		0	SM-A066BLGG
GRN	1	1	100	PO\00002		0	SM-A066BLGG
GRN	1	1	100	PO\00002		0	SM-A066BLGG
GRN	1	1	100	PO\00002		0	SM-A066BLGG
GRN	1	1	100	PO\00002		0	SM-A066BLGG
GRN	1	1	100	PO\00002		0	SM-A066BLGG
GRN	1	1	100	PO\00002		0	SM-A066BLGG
GRN	1	1	100	PO\00002		0	SM-A066BLGG
GRN	1	1	100	PO\00002		0	SM-A066BLGG
GRN	1	1	100	PO\00002		0	SM-A066BLGG
GRN	1	1	100	PO\00002		0	SM-A066BLGG
GRN	1	1	100	PO\00002		0	SM-A066BLGG
GRN	1	1	100	PO\00002		0	SM-A066BLGG
GRN	1	1	100	PO\00002		0	SM-A066BLGG
GRN	1	1	100	PO\00002		0	SM-A066BLGG
GRN	1	1	100	PO\00002		0	SM-A066BLGG
GRN	1	1	100	PO\00002		0	SM-A066BLGG
GRN	1	1	100	PO\00002		0	SM-A066BLGG
GRN	1	1	100	PO\00002		0	SM-A066BLGG
GRN	1	1	100	PO\00002		0	SM-A066BLGG
GRN	1	1	100	PO\00002		0	SM-A066BLGG
GRN	1	1	100	PO\00002		0	SM-A066BLGG
GRN	1	1	100	PO\00002		0	SM-A066BLGG
GRN	1	1	100	PO\00002		0	SM-A066BLGG
GRN	1	1	100	PO\00002		0	SM-A066BLGG
GRN	1	1	100	PO\00002		0	SM-A066BLGG
GRN	1	1	100	PO\00002		0	SM-A066BLGG
GRN	1	1	100	PO\00002		0	SM-A066BLGG
GRN	1	1	100	PO\00002		0	SM-A066BLGG
GRN	1	1	100	PO\00002		0	SM-A066BLGG
GRN	1	1	100	PO\00002		0	SM-A066BLGG
GRN	1	1	100	PO\00002		0	SM-A066BLGG
GRN	1	1	100	PO\00002		0	SM-A066BLGG
GRN	1	1	100	PO\00002		0	SM-A066BLGG
GRN	1	1	100	PO\00002		0	SM-A066BLGG
GRN	1	1	100	PO\00002		0	SM-A066BLGG
GRN	1	1	100	PO\00002		0	SM-A066BLGG
GRN	1	1	100	PO\00002		0	SM-A066BLGG
GRN	1	1	100	PO\00002		0	SM-A066BLGG
GRN	1	1	100	PO\00002		0	SM-A066BLGG
GRN	1	1	100	PO\00002		0	SM-A066BLGG
GRN	1	1	100	PO\00002		0	SM-A066BLGG
GRN	1	1	100	PO\00002		0	SM-A066BLGG
GRN	1	1	100	PO\00002		0	SM-A066BLGG
GRN	1	1	100	PO\00002		0	SM-A066BLGG
GRN	1	1	100	PO\00002		0	SM-A066BLGG
GRN	1	1	100	PO\00002		0	SM-A066BLGG
GRN	1	1	100	PO\00002		0	SM-A066BLGG
GRN	1	1	100	PO\00002		0	SM-A066BLGG
GRN	1	1	100	PO\00002		0	SM-A066BLGG
GRN	1	1	100	PO\00002		0	SM-A066BLGG
GRN	1	1	100	PO\00002		0	SM-A066BLGG
GRN	1	1	100	PO\00002		0	SM-A066BLGG
GRN	1	1	100	PO\00002		0	SM-A066BLGG
GRN	1	1	100	PO\00002		0	SM-A066BLGG
GRN	1	1	100	PO\00002		0	SM-A066BLGG
GRN	1	1	100	PO\00002		0	SM-A066BLGG
GRN	1	1	100	PO\00002		0	SM-A066BLGG
GRN	1	1	100	PO\00002		0	SM-A066BLGG
GRN	1	1	100	PO\00002		0	SM-A066BLGG
GRN	1	1	100	PO\00002		0	SM-A066BLGG
GRN	1	1	100	PO\00002		0	SM-A066BLGG
GRN	1	1	100	PO\00002		0	SM-A066BLGG
GRN	1	1	100	PO\00002		0	SM-A066BLGG
GRN	1	1	100	PO\00002		0	SM-A066BLGG
GRN	1	1	100	PO\00002		0	SM-A066BZKG
GRN	1	1	100	PO\00002		0	SM-A066BZKG
GRN	1	1	100	PO\00002		0	SM-A066BZKG
GRN	1	1	100	PO\00002		0	SM-A066BZKG
GRN	1	1	100	PO\00002		0	SM-A066BZKG
GRN	1	1	100	PO\00002		0	SM-A066BZKG
GRN	1	1	100	PO\00002		0	SM-A066BZKG
GRN	1	1	100	PO\00002		0	SM-A066BZKG
GRN	1	1	100	PO\00002		0	SM-A066BZKG
GRN	1	1	100	PO\00002		0	SM-A066BZKG
GRN	1	1	100	PO\00002		0	SM-A066BZKG
GRN	1	1	100	PO\00002		0	SM-A066BZKG
GRN	1	1	100	PO\00002		0	SM-A066BZKG
GRN	1	1	100	PO\00002		0	SM-A066BZKG
GRN	1	1	100	PO\00002		0	SM-A066BZKG
GRN	1	1	100	PO\00002		0	SM-A066BZKG
GRN	1	1	100	PO\00002		0	SM-A066BZKG
GRN	1	1	100	PO\00002		0	SM-A066BZKG
GRN	1	1	100	PO\00002		0	SM-A066BZKG
GRN	1	1	100	PO\00002		0	SM-A066BZKG
GRN	1	1	100	PO\00002		0	SM-A066BZKG
GRN	1	1	100	PO\00002		0	SM-A066BZKG
GRN	1	1	100	PO\00002		0	SM-A066BZKG
GRN	1	1	100	PO\00002		0	SM-A066BZKG
GRN	1	1	100	PO\00002		0	SM-A066BZKG
GRN	1	1	100	PO\00002		0	SM-A066BZKG
GRN	1	1	100	PO\00002		0	SM-A066BZAG
GRN	1	1	100	PO\00002		0	SM-A066BZAG
GRN	1	1	100	PO\00002		0	SM-A066BZAG
GRN	1	1	100	PO\00002		0	SM-A066BZAG
GRN	1	1	100	PO\00002		0	SM-A066BZAG
GRN	1	1	100	PO\00002		0	SM-A066BZAG
GRN	1	1	100	PO\00002		0	SM-A066BZAG
GRN	1	1	100	PO\00002		0	SM-A066BZAG
GRN	1	1	100	PO\00002		0	SM-A066BZAG
GRN	1	1	100	PO\00002		0	SM-A066BZAG
GRN	1	1	100	PO\00002		0	SM-A066BZAG
GRN	1	1	100	PO\00002		0	SM-A066BZAG
GRN	1	1	100	PO\00002		0	SM-A066BZAG
GRN	1	1	100	PO\00002		0	SM-A066BZAG
GRN	1	1	100	PO\00002		0	SM-A066BZAG
GRN	1	1	100	PO\00002		0	SM-A066BZAG
GRN	1	1	100	PO\00002		0	SM-A066BZAG
GRN	1	1	100	PO\00002		0	SM-A066BZAG
GRN	1	1	100	PO\00002		0	SM-A066BZAG
GRN	1	1	100	PO\00002		0	SM-A066BZAG
GRN	1	1	100	PO\00002		0	SM-A066BZAG
GRN	1	1	100	PO\00002		0	SM-A066BZAG
GRN	1	1	100	PO\00002		0	SM-A066BZAG
GRN	1	1	100	PO\00002		0	SM-A066BZAG
GRN	1	1	100	PO\00002		0	SM-A066BZAG
GRN	1	1	100	PO\00002		0	SM-A066BZAG
GRN	1	1	100	PO\00002		0	SM-A066BZAG
GRN	1	1	100	PO\00002		0	SM-E176BZKA
GRN	1	1	100	PO\00002		0	SM-E176BZKA
GRN	1	1	100	PO\00002		0	SM-E176BZKA
GRN	1	1	100	PO\00002		0	SM-E176BZKA
GRN	1	1	100	PO\00002		0	SM-E176BZKA
GRN	1	1	100	PO\00002		0	SM-E176BZKA
GRN	1	1	100	PO\00002		0	SM-E176BZKA
GRN	1	1	100	PO\00002		0	SM-E176BZKA
GRN	1	1	100	PO\00002		0	SM-E176BZKA
GRN	1	1	100	PO\00002		0	SM-E176BLVA
GRN	1	1	100	PO\00002		0	SM-E176BLVA
GRN	1	1	100	PO\00002		0	SM-E176BLVA
GRN	1	1	100	PO\00002		0	SM-E176BLVA
GRN	1	1	100	PO\00002		0	SM-E176BLVA
GRN	1	1	100	PO\00002		0	SM-E176BLVA
GRN	1	1	100	PO\00002		0	SM-E176BLVA
GRN	1	1	100	PO\00002		0	SM-E176BLVA
GRN	1	1	100	PO\00002		0	SM-E176BLVA
GRN	1	1	100	PO\00002		0	SM-F976BDGG
GRN	1	1	100	PO\00002		0	SM-F976BDGG
GRN	1	1	100	PO\00002		0	SM-F976BDGG
GRN	1	1	100	PO\00002		0	SM-F976BDGG
GRN	1	1	100	PO\00002		0	SM-F976BDGG
GRN	1	1	100	PO\00002		0	SM-A066BZAG
GRN	1	1	100	PO\00002		0	SM-A066BZAG
GRN	1	1	100	PO\00002		0	SM-A066BZAG
GRN	1	1	100	PO\00002		0	SM-A066BZAG
GRN	1	1	100	PO\00002		0	SM-A066BZAG
GRN	1	1	100	PO\00002		0	SM-A066BZAG
GRN	1	1	100	PO\00002		0	SM-A066BZAG
GRN	1	1	100	PO\00002		0	SM-A066BZAG
GRN	1	1	100	PO\00002		0	SM-A066BZAG
GRN	1	1	100	PO\00002		0	SM-A066BZAG
GRN	1	1	100	PO\00002		0	SM-A066BZAG
GRN	1	1	100	PO\00002		0	SM-A066BZAG
GRN	1	1	100	PO\00002		0	SM-A066BZAG
GRN	1	1	100	PO\00002		0	SM-A066BZAG
GRN	1	1	100	PO\00002		0	SM-A066BZAG
GRN	1	1	100	PO\00002		0	SM-A066BZAG
GRN	1	1	100	PO\00002		0	SM-A066BZAG
GRN	1	1	100	PO\00002		0	SM-A066BZAG
GRN	1	1	100	PO\00002		0	SM-A066BZAG
GRN	1	1	100	PO\00002		0	SM-A066BZAG
GRN	1	1	100	PO\00002		0	SM-A066BZAG
GRN	1	1	100	PO\00002		0	SM-A066BZAG
GRN	1	1	100	PO\00002		0	SM-A066BZAG
GRN	1	1	100	PO\00002		0	SM-A066BZAG
GRN	1	1	100	PO\00002		0	SM-A066BZAG
GRN	1	1	100	PO\00002		0	SM-A066BZAG
GRN	1	1	100	PO\00002		0	SM-A066BZAG
GRN	1	1	100	PO\00002		0	SM-A066BZAG
GRN	1	1	100	PO\00002		0	SM-A066BZAG
GRN	1	1	100	PO\00002		0	SM-A066BZAG
GRN	1	1	100	PO\00002		0	SM-A066BZAG
GRN	1	1	100	PO\00002		0	SM-A066BZAG
GRN	1	1	100	PO\00002		0	SM-A066BZAG
GRN	1	1	100	PO\00002		0	SM-A066BZAG
GRN	1	1	100	PO\00002		0	SM-A066BZAG
GRN	1	1	100	PO\00002		0	SM-A066BZAG
GRN	1	1	100	PO\00002		0	SM-A066BZAG
GRN	1	1	100	PO\00002		0	SM-A066BZAG
GRN	1	1	100	PO\00002		0	SM-A066BZAG
GRN	1	1	100	PO\00002		0	SM-A066BZAG
GRN	1	1	100	PO\00002		0	SM-A066BZAG
GRN	1	1	100	PO\00002		0	SM-A066BZAG
GRN	1	1	100	PO\00002		0	SM-A066BZAG
GRN	1	1	100	PO\00002		0	SM-A066BZAG
GRN	1	1	100	PO\00002		0	SM-A066BZAG
GRN	1	1	100	PO\00002		0	SM-A066BZAG
GRN	1	1	100	PO\00002		0	SM-A066BZAG
GRN	1	1	100	PO\00002		0	SM-A066BZAG
GRN	1	1	100	PO\00002		0	SM-A066BZAG
GRN	1	1	100	PO\00002		0	SM-A066BZAG
GRN	1	1	100	PO\00002		0	SM-A066BZAG
GRN	1	1	100	PO\00002		0	SM-A066BZAG
GRN	1	1	100	PO\00002		0	SM-A066BZAG
GRN	1	1	100	PO\00002		0	SM-A066BZAG
GRN	1	1	100	PO\00002		0	SM-A066BZAG
GRN	1	1	100	PO\00002		0	SM-A066BZAG
GRN	1	1	100	PO\00002		0	SM-A066BZAG
GRN	1	1	100	PO\00002		0	SM-A066BZAG
GRN	1	1	100	PO\00002		0	SM-A066BZAG
GRN	1	1	100	PO\00002		0	SM-A066BZAG
GRN	1	1	100	PO\00002		0	SM-A066BZAG
GRN	1	1	100	PO\00002		0	SM-A066BZAG
GRN	1	1	100	PO\00002		0	SM-A066BZAG
GRN	1	1	100	PO\00002		0	SM-A066BZAG
GRN	1	1	100	PO\00002		0	SM-A066BZAG
GRN	1	1	100	PO\00002		0	SM-A066BZAG
GRN	1	1	100	PO\00002		0	SM-A066BZAG
GRN	1	1	100	PO\00002		0	SM-A066BZAG
GRN	1	1	100	PO\00002		0	SM-A066BZAG
GRN	1	1	100	PO\00002		0	SM-A066BZAG
GRN	1	1	100	PO\00002		0	SM-A066BZAG
GRN	1	1	100	PO\00002		0	SM-A066BZAG
GRN	1	1	100	PO\00002		0	SM-A066BZAG
GRN	1	1	100	PO\00002		0	SM-A066BLGG
GRN	1	1	100	PO\00002		0	SM-A066BLGG
GRN	1	1	100	PO\00002		0	SM-A066BLGG
GRN	1	1	100	PO\00002		0	SM-A066BLGG
GRN	1	1	100	PO\00002		0	SM-A066BLGG
GRN	1	1	100	PO\00002		0	SM-A066BLGG
GRN	1	1	100	PO\00002		0	SM-A066BLGG
GRN	1	1	100	PO\00002		0	SM-A066BLGG
GRN	1	1	100	PO\00002		0	SM-A066BLGG
GRN	1	1	100	PO\00002		0	SM-A066BLGG
GRN	1	1	100	PO\00002		0	SM-A066BLGG
GRN	1	1	100	PO\00002		0	SM-A066BLGG
GRN	1	1	100	PO\00002		0	SM-A066BLGG
GRN	1	1	100	PO\00002		0	SM-A066BLGG
GRN	1	1	100	PO\00002		0	SM-A066BLGG
GRN	1	1	100	PO\00002		0	SM-A066BLGG
GRN	1	1	100	PO\00002		0	SM-A066BLGG
GRN	1	1	100	PO\00002		0	SM-A066BLGG
GRN	1	1	100	PO\00002		0	SM-A066BLGG
GRN	1	1	100	PO\00002		0	SM-A066BLGG
GRN	1	1	100	PO\00002		0	SM-A066BLGG
GRN	1	1	100	PO\00002		0	SM-A066BLGG
GRN	1	1	100	PO\00002		0	SM-A066BLGG
GRN	1	1	100	PO\00002		0	SM-A066BLGG
GRN	1	1	100	PO\00002		0	SM-A066BLGG
GRN	1	1	100	PO\00002		0	SM-A066BLGG
GRN	1	1	100	PO\00002		0	SM-A066BLGG
GRN	1	1	100	PO\00002		0	SM-A066BLGG
GRN	1	1	100	PO\00002		0	SM-A066BLGG
GRN	1	1	100	PO\00002		0	SM-A066BLGG
GRN	1	1	100	PO\00002		0	SM-A066BLGG
GRN	1	1	100	PO\00002		0	SM-A066BLGG
GRN	1	1	100	PO\00002		0	SM-A066BLGG
GRN	1	1	100	PO\00002		0	SM-A066BLGG
GRN	1	1	100	PO\00002		0	SM-A066BLGG
GRN	1	1	100	PO\00002		0	SM-A066BLGG
GRN	1	1	100	PO\00002		0	SM-A066BLGG
GRN	1	1	100	PO\00002		0	SM-A066BLGG
GRN	1	1	100	PO\00002		0	SM-A066BZKG
GRN	1	1	100	PO\00002		0	SM-A066BZKG
GRN	1	1	100	PO\00002		0	SM-A066BZKG
GRN	1	1	100	PO\00002		0	SM-A066BZKG
GRN	1	1	100	PO\00002		0	SM-A066BZKG
GRN	1	1	100	PO\00002		0	SM-A066BZKG
GRN	1	1	100	PO\00002		0	SM-A066BZKG
GRN	1	1	100	PO\00002		0	SM-A066BZKG
GRN	1	1	100	PO\00002		0	SM-A066BZKG
GRN	1	1	100	PO\00002		0	SM-A066BZKG
GRN	1	1	100	PO\00002		0	SM-A066BZKG
GRN	1	1	100	PO\00002		0	SM-A066BZKG
GRN	1	1	100	PO\00002		0	SM-A066BZKG
GRN	1	1	100	PO\00002		0	SM-A066BZKG
GRN	1	1	100	PO\00002		0	SM-A066BZKG
GRN	1	1	100	PO\00002		0	SM-A066BZKG
GRN	1	1	100	PO\00002		0	SM-A066BZKG
GRN	1	1	100	PO\00002		0	SM-A066BZKG
GRN	1	1	100	PO\00002		0	SM-A066BZKG
GRN	1	1	100	PO\00002		0	SM-A066BZKG
GRN	1	1	100	PO\00002		0	SM-A066BZKG
GRN	1	1	100	PO\00002		0	SM-A066BZKG
GRN	1	1	100	PO\00002		0	SM-A066BZKG
GRN	1	1	100	PO\00002		0	SM-A066BZKG
GRN	1	1	100	PO\00002		0	SM-A066BZKG
GRN	1	1	100	PO\00002		0	SM-A066BZKG
GRN	1	1	100	PO\00002		0	SM-A066BZKG
GRN	1	1	100	PO\00002		0	SM-A066BZKG
GRN	1	1	100	PO\00002		0	SM-A066BZKG
GRN	1	1	100	PO\00002		0	SM-A066BZKG
GRN	1	1	100	PO\00002		0	SM-A066BZKG
GRN	1	1	100	PO\00002		0	SM-A066BZKG
GRN	1	1	100	PO\00002		0	SM-A066BZKG
GRN	1	1	100	PO\00002		0	SM-A066BZKG
GRN	1	1	100	PO\00002		0	SM-A066BZKG
GRN	1	1	100	PO\00002		0	SM-A066BZKG
GRN	1	1	100	PO\00002		0	SM-A066BZKG
GRN	1	1	100	PO\00002		0	SM-A066BZKG
GRN	1	1	100	PO\00002		0	SM-A066BZKG
GRN	1	1	100	PO\00002		0	SM-A066BZKG
GRN	1	1	100	PO\00002		0	SM-A066BZKG
GRN	1	1	100	PO\00002		0	SM-A066BZKG
GRN	1	1	100	PO\00002		0	SM-A066BZKG
GRN	1	1	100	PO\00002		0	SM-A066BZKG
GRN	1	1	100	PO\00002		0	SM-A066BZKG
GRN	1	1	100	PO\00002		0	SM-A066BZKG
GRN	1	1	100	PO\00002		0	SM-A066BZKG
GRN	1	1	100	PO\00002		0	SM-A066BZKG
GRN	1	1	100	PO\00002		0	SM-A066BZKG
GRN	1	1	100	PO\00002		0	SM-A066BZKG
GRN	1	1	100	PO\00002		0	SM-A066BZKG
GRN	1	1	100	PO\00002		0	SM-A066BZKG
GRN	1	1	100	PO\00002		0	SM-A066BZKG
GRN	1	1	100	PO\00002		0	SM-A066BZKG
GRN	1	1	100	PO\00002		0	SM-A066BZKG
GRN	1	1	100	PO\00002		0	SM-A066BZKG
GRN	1	1	100	PO\00002		0	SM-A066BZKG
GRN	1	1	100	PO\00002		0	SM-A066BZKG
GRN	1	1	100	PO\00002		0	SM-A066BZKG
GRN	1	1	100	PO\00002		0	SM-A066BZKG
GRN	1	1	100	PO\00002		0	SM-A066BZKG
GRN	1	1	100	PO\00002		0	SM-A066BZKG
GRN	1	1	100	PO\00002		0	SM-A066BZKG
GRN	1	1	100	PO\00002		0	SM-A066BZKG
GRN	1	1	100	PO\00002		0	SM-A066BZKG
GRN	1	1	100	PO\00002		0	SM-A066BZKG
GRN	1	1	100	PO\00002		0	SM-A066BZKG
GRN	1	1	100	PO\00002		0	SM-A066BZKG
GRN	1	1	100	PO\00002		0	SM-A066BZKG
GRN	1	1	100	PO\00002		0	SM-A066BZKG
GRN	1	1	100	PO\00002		0	SM-A066BZKG
GRN	1	1	100	PO\00002		0	SM-A066BZKG
GRN	1	1	100	PO\00002		0	SM-A066BZKG
GRN	1	1	100	PO\00002		0	SM-A066BZKG
GRN	1	1	100	PO\00002		0	SM-A076BZKB
GRN	1	1	100	PO\00002		0	SM-A076BZKB
GRN	1	1	100	PO\00002		0	SM-A076BZKB
GRN	1	1	100	PO\00002		0	SM-A076BZKB
GRN	1	1	100	PO\00002		0	SM-A076BZKB
GRN	1	1	100	PO\00002		0	SM-A076BZKB
GRN	1	1	100	PO\00002		0	SM-A076BZKB
GRN	1	1	100	PO\00002		0	SM-A076BZKB
GRN	1	1	100	PO\00002		0	SM-A076BZKB
GRN	1	1	100	PO\00002		0	SM-A076BZKB
GRN	1	1	100	PO\00002		0	SM-A076BZKB
GRN	1	1	100	PO\00002		0	SM-A076BZKB
GRN	1	1	100	PO\00002		0	SM-A076BZKB
GRN	1	1	100	PO\00002		0	SM-A076BZKB
GRN	1	1	100	PO\00002		0	SM-A076BZKB
GRN	1	1	100	PO\00002		0	SM-A076BZKB
GRN	1	1	100	PO\00002		0	SM-A076BZKB
GRN	1	1	100	PO\00002		0	SM-A076BZKB
GRN	1	1	100	PO\00002		0	SM-A076BZKB
GRN	1	1	100	PO\00002		0	SM-A076BZKB
GRN	1	1	100	PO\00002		0	SM-E176BLVA
GRN	1	1	100	PO\00002		0	SM-E176BLVA
GRN	1	1	100	PO\00002		0	SM-E176BLVA
GRN	1	1	100	PO\00002		0	SM-E176BLVA
GRN	1	1	100	PO\00002		0	SM-E176BLVA
GRN	1	1	100	PO\00002		0	SM-E176BLVA
GRN	1	1	100	PO\00002		0	SM-E176BLVA
GRN	1	1	100	PO\00002		0	SM-E176BLVA
GRN	1	1	100	PO\00002		0	SM-E176BLVA
GRN	1	1	100	PO\00002		0	SM-E176BLVA
GRN	1	1	100	PO\00002		0	SM-E176BLVA
GRN	1	1	100	PO\00002		0	SM-A276BLIG
GRN	1	1	100	PO\00002		0	SM-A276BLIG
GRN	1	1	100	PO\00002		0	SM-A276BLIG
GRN	1	1	100	PO\00002		0	SM-A276BLIG
GRN	1	1	100	PO\00002		0	SM-A276BLIG
GRN	1	1	100	PO\00002		0	SM-A276BLIG
GRN	1	1	100	PO\00002		0	SM-A276BLIG
GRN	1	1	100	PO\00002		0	SM-A276BLIG
GRN	1	1	100	PO\00002		0	SM-A276BLIG
GRN	1	1	100	PO\00002		0	SM-A276BLIG
GRN	1	1	100	PO\00002		0	SM-A176BZALINS
GRN	1	1	100	PO\00002		0	SM-A176BZALINS
GRN	1	1	100	PO\00002		0	SM-A176BZALINS
GRN	1	1	100	PO\00002		0	SM-A176BZALINS
GRN	1	1	100	PO\00002		0	SM-A176BZALINS
GRN	1	1	100	PO\00002		0	SM-A176BZALINS
GRN	1	1	100	PO\00002		0	SM-A176BZALINS
GRN	1	1	100	PO\00002		0	SM-A176BZALINS
GRN	1	1	100	PO\00002		0	SM-A176BZALINS
GRN	1	1	100	PO\00002		0	SM-A176BZALINS
GRN	1	1	100	PO\00002		0	SM-A176BZALINS
GRN	1	1	100	PO\00002		0	SM-A176BZALINS
GRN	1	1	100	PO\00002		0	SM-A176BZALINS
GRN	1	1	100	PO\00002		0	SM-A176BZALINS
GRN	1	1	100	PO\00002		0	SM-A176BZALINS
GRN	1	1	100	PO\00002		0	SM-A176BZALINS
GRN	1	1	100	PO\00002		0	SM-A176BZALINS
GRN	1	1	100	PO\00002		0	SM-A176BZALINS
GRN	1	1	100	PO\00002		0	SM-A176BZALINS
GRN	1	1	100	PO\00002		0	SM-A176BZALINS
GRN	1	1	100	PO\00002		0	SM-A176BZALINS
GRN	1	1	100	PO\00002		0	SM-A176BZALINS
GRN	1	1	100	PO\00002		0	SM-A176BZALINS
GRN	1	1	100	PO\00002		0	SM-A176BZALINS
GRN	1	1	100	PO\00002		0	SM-A176BZALINS
GRN	1	1	100	PO\00002		0	SM-A176BZALINS
GRN	1	1	100	PO\00002		0	SM-A176BZALINS
GRN	1	1	100	PO\00002		0	SM-A176BZALINS
GRN	1	1	100	PO\00002		0	SM-A176BZALINS
GRN	1	1	100	PO\00002		0	SM-E176BZKA
GRN	1	1	100	PO\00002		0	SM-E176BZKA
GRN	1	1	100	PO\00002		0	SM-E176BZKA
GRN	1	1	100	PO\00002		0	SM-E176BZKA
GRN	1	1	100	PO\00002		0	SM-E176BZKA
GRN	1	1	100	PO\00002		0	SM-E176BZKA
GRN	1	1	100	PO\00002		0	SM-E176BZKA
GRN	1	1	100	PO\00002		0	SM-E176BZKA
GRN	1	1	100	PO\00002		0	SM-E176BZKA
GRN	1	1	100	PO\00002		0	SM-E176BZKA
GRN	1	1	100	PO\00002		0	SM-E176BZKA
GRN	1	1	100	PO\00002		0	SM-E176BZKA
GRN	1	1	100	PO\00002		0	SM-E176BZKA
GRN	1	1	100	PO\00002		0	SM-E176BZKA
GRN	1	1	100	PO\00002		0	SM-E176BZKA
GRN	1	1	100	PO\00002		0	SM-E176BZKA
GRN	1	1	100	PO\00002		0	SM-E176BZKA
GRN	1	1	100	PO\00002		0	SM-E176BZKA
GRN	1	1	100	PO\00002		0	SM-E176BZKA
GRN	1	1	100	PO\00002		0	SM-E176BZKA
GRN	1	1	100	PO\00002		0	SM-E176BZKA
GRN	1	1	100	PO\00002		0	SM-E176BZKA
GRN	1	1	100	PO\00002		0	SM-E176BZKA
GRN	1	1	100	PO\00002		0	SM-E176BZKA
GRN	1	1	100	PO\00002		0	SM-E176BZKA
GRN	1	1	100	PO\00002		0	SM-E176BZKA
GRN	1	1	100	PO\00002		0	SM-E176BZKA
GRN	1	1	100	PO\00002		0	SM-E176BZKA
GRN	1	1	100	PO\00002		0	SM-E176BZKA
GRN	1	1	100	PO\00002		0	SM-E176BZKA
GRN	1	1	100	PO\00002		0	SM-E176BZKA
GRN	1	1	100	PO\00002		0	SM-E176BZKA
GRN	1	1	100	PO\00002		0	SM-E176BZKA
GRN	1	1	100	PO\00002		0	SM-E176BZKA
GRN	1	1	100	PO\00002		0	SM-E176BZKA
GRN	1	1	100	PO\00002		0	SM-E176BZKA
GRN	1	1	100	PO\00002		0	SM-E176BZKA
GRN	1	1	100	PO\00002		0	SM-E176BZKA
GRN	1	1	100	PO\00002		0	SM-E176BZKA
GRN	1	1	100	PO\00002		0	SM-E176BZKA
GRN	1	1	100	PO\00002		0	SM-E176BZKA
GRN	1	1	100	PO\00002		0	SM-E176BZKA
GRN	1	1	100	PO\00002		0	SM-E176BZKA
GRN	1	1	100	PO\00002		0	SM-E176BZKA
GRN	1	1	100	PO\00002		0	SM-E176BZKA
GRN	1	1	100	PO\00002		0	SM-E176BZKA
GRN	1	1	100	PO\00002		0	SM-E176BZKA
GRN	1	1	100	PO\00002		0	SM-E176BZKA
GRN	1	1	100	PO\00002		0	SM-E176BZKA
GRN	1	1	100	PO\00002		0	SM-E176BZKA
GRN	1	1	100	PO\00002		0	SM-E176BZKA
GRN	1	1	100	PO\00002		0	SM-E176BZKA
GRN	1	1	100	PO\00002		0	SM-E176BZKA
GRN	1	1	100	PO\00002		0	SM-E176BZKA
GRN	1	1	100	PO\00002		0	SM-E176BZKA
GRN	1	1	100	PO\00002		0	SM-E176BZKA
GRN	1	1	100	PO\00002		0	SM-E176BZKA
GRN	1	1	100	PO\00002		0	SM-E176BZKA
GRN	1	1	100	PO\00002		0	SM-E176BZKA
GRN	1	1	100	PO\00002		0	SM-E176BZKA
GRN	1	1	100	PO\00002		0	SM-E176BZKA
GRN	1	1	100	PO\00002		0	SM-E176BZKA
GRN	1	1	100	PO\00002		0	SM-E176BZKA
GRN	1	1	100	PO\00002		0	SM-E176BZKA
GRN	1	1	100	PO\00002		0	SM-E176BZKA
GRN	1	1	100	PO\00002		0	SM-E176BZKA
GRN	1	1	100	PO\00002		0	SM-E176BZKA
GRN	1	1	100	PO\00002		0	SM-E176BZKA
GRN	1	1	100	PO\00002		0	SM-E176BZKA
GRN	1	1	100	PO\00002		0	SM-E176BZKA
GRN	1	1	100	PO\00002		0	SM-E176BZKA
GRN	1	1	100	PO\00002		0	SM-E176BZKA
GRN	1	1	100	PO\00002		0	SM-E176BZKA
GRN	1	1	100	PO\00002		0	SM-E176BZKA
GRN	1	1	100	PO\00002		0	SM-E176BZKA
GRN	1	1	100	PO\00002		0	SM-E176BZKA
GRN	1	1	100	PO\00002		0	SM-E176BZKA
GRN	1	1	100	PO\00002		0	SM-E176BZKA
GRN	1	1	100	PO\00002		0	SM-E176BZKA
GRN	1	1	100	PO\00002		0	SM-E176BZKA
GRN	1	1	100	PO\00002		0	SM-E176BZKA
GRN	1	1	100	PO\00002		0	SM-E176BZKA
GRN	1	1	100	PO\00002		0	SM-E176BZKA
GRN	1	1	100	PO\00002		0	SM-E176BZKA
GRN	1	1	100	PO\00002		0	SM-E176BZKA
GRN	1	1	100	PO\00002		0	SM-E176BZKA
GRN	1	1	100	PO\00002		0	SM-E176BZKA
GRN	1	1	100	PO\00002		0	SM-E176BZKA
GRN	1	1	100	PO\00002		0	SM-E176BZKA
GRN	1	1	100	PO\00002		0	SM-E176BZKA
GRN	1	1	100	PO\00002		0	SM-E176BZKA
GRN	1	1	100	PO\00002		0	SM-E176BLVA
GRN	1	1	100	PO\00002		0	SM-E176BLVA
GRN	1	1	100	PO\00002		0	SM-E176BLVA
GRN	1	1	100	PO\00002		0	SM-E176BLVA
GRN	1	1	100	PO\00002		0	SM-E176BLVA
GRN	1	1	100	PO\00002		0	SM-E176BLVA
GRN	1	1	100	PO\00002		0	SM-E176BLVA
GRN	1	1	100	PO\00002		0	SM-E176BLVA
GRN	1	1	100	PO\00002		0	SM-E176BLVA
GRN	1	1	100	PO\00002		0	SM-E176BLVA
GRN	1	1	100	PO\00002		0	SM-E176BLVA
GRN	1	1	100	PO\00002		0	SM-E176BLVA
GRN	1	1	100	PO\00002		0	SM-E176BLVA
GRN	1	1	100	PO\00002		0	SM-E176BLVA
GRN	1	1	100	PO\00002		0	SM-E176BLVA
GRN	1	1	100	PO\00002		0	SM-E176BLVA
GRN	1	1	100	PO\00002		0	SM-E176BLVA
GRN	1	1	100	PO\00002		0	SM-E176BLVA
GRN	1	1	100	PO\00002		0	SM-E176BLVA
GRN	1	1	100	PO\00002		0	SM-E176BLVA
GRN	1	1	100	PO\00002		0	SM-E176BLVA
GRN	1	1	100	PO\00002		0	SM-E176BLVA
GRN	1	1	100	PO\00002		0	SM-E176BLVA
GRN	1	1	100	PO\00002		0	SM-E176BLVA
GRN	1	1	100	PO\00002		0	SM-E176BLVA
GRN	1	1	100	PO\00002		0	SM-E176BLVA
GRN	1	1	100	PO\00002		0	SM-E176BLVA
GRN	1	1	100	PO\00002		0	SM-E176BLVA
GRN	1	1	100	PO\00002		0	SM-E176BLVA
GRN	1	1	100	PO\00002		0	SM-E176BLVA
GRN	1	1	100	PO\00002		0	SM-E176BLVA
GRN	1	1	100	PO\00002		0	SM-E176BLVA
GRN	1	1	100	PO\00002		0	SM-E176BLVA
GRN	1	1	100	PO\00002		0	SM-E176BLVA
GRN	1	1	100	PO\00002		0	SM-E176BLVA
GRN	1	1	100	PO\00002		0	SM-E176BLVA
GRN	1	1	100	PO\00002		0	SM-E176BLVA
GRN	1	1	100	PO\00002		0	SM-E176BLVA
GRN	1	1	100	PO\00002		0	SM-E176BLVA
GRN	1	1	100	PO\00002		0	SM-E176BLVA
GRN	1	1	100	PO\00002		0	SM-E176BLVA
GRN	1	1	100	PO\00002		0	SM-E176BLVA
GRN	1	1	100	PO\00002		0	SM-E176BLVA
GRN	1	1	100	PO\00002		0	SM-E176BLVA
GRN	1	1	100	PO\00002		0	SM-E176BLVA
GRN	1	1	100	PO\00002		0	SM-E176BLVA
GRN	1	1	100	PO\00002		0	SM-E176BLVA
GRN	1	1	100	PO\00002		0	SM-E176BLVA
GRN	1	1	100	PO\00002		0	SM-E176BLVA
GRN	1	1	100	PO\00002		0	SM-E176BLVA
GRN	1	1	100	PO\00002		0	SM-E176BLVA
GRN	1	1	100	PO\00002		0	SM-E176BLVA
GRN	1	1	100	PO\00002		0	SM-E176BLVA
GRN	1	1	100	PO\00002		0	SM-E176BLVA
GRN	1	1	100	PO\00002		0	SM-E176BLVA
GRN	1	1	100	PO\00002		0	SM-E176BLVA
GRN	1	1	100	PO\00002		0	SM-E176BLVA
GRN	1	1	100	PO\00002		0	SM-E176BLVA
GRN	1	1	100	PO\00002		0	SM-E176BLVA
GRN	1	1	100	PO\00002		0	SM-E176BLVA
GRN	10	1	100	PO\00013		0	SM-S741BZKC
GRN	10	1	100	PO\00013		0	SM-S741BZKC
GRN	10	1	100	PO\00013		0	SM-S741BZKC
GRN	10	1	100	PO\00013		0	SM-S741BZKC
GRN	10	1	100	PO\00013		0	SM-S741BZKC
GRN	10	1	100	PO\00013		0	SM-S741BZKC
GRN	10	1	100	PO\00013		0	SM-S741BZKC
GRN	10	1	100	PO\00013		0	SM-S741BZKC
GRN	10	1	100	PO\00013		0	SM-S741BZVC
GRN	10	1	100	PO\00013		0	SM-S741BZVC
GRN	10	1	100	PO\00013		0	SM-S741BZVC
GRN	10	1	100	PO\00013		0	SM-S741BZVC
GRN	10	1	100	PO\00013		0	SM-S741BZVC
GRN	10	1	100	PO\00013		0	SM-S741BZVC
GRN	10	1	100	PO\00013		0	SM-S741BZVC
GRN	10	1	100	PO\00013		0	SM-S741BZVC
GRN	11	1	100	PO\00004		0	SM-A176BZBLINS
GRN	11	1	100	PO\00004		0	SM-A176BZBLINS
GRN	11	1	100	PO\00004		0	SM-A176BZBLINS
GRN	11	1	100	PO\00004		0	SM-A176BZBLINS
GRN	11	1	100	PO\00004		0	SM-A176BZBLINS
GRN	11	1	100	PO\00004		0	SM-A176BZBLINS
GRN	11	1	100	PO\00004		0	SM-A176BZBLINS
GRN	11	1	100	PO\00004		0	SM-A176BZBLINS
GRN	11	1	100	PO\00004		0	SM-A176BZBLINS
GRN	11	1	100	PO\00004		0	SM-A176BZBLINS
GRN	11	1	100	PO\00004		0	SM-A176BZBLINS
GRN	11	1	100	PO\00004		0	SM-A176BZBLINS
GRN	11	1	100	PO\00004		0	SM-A176BZBLINS
GRN	11	1	100	PO\00004		0	SM-A176BZBLINS
GRN	11	1	100	PO\00004		0	SM-A176BZBLINS
GRN	11	1	100	PO\00004		0	SM-A176BZBLINS
GRN	11	1	100	PO\00004		0	SM-A176BZBLINS
GRN	11	1	100	PO\00004		0	SM-A176BZBLINS
GRN	11	1	100	PO\00004		0	SM-A176BZBLINS
GRN	11	1	100	PO\00004		0	SM-A176BZBLINS
GRN	11	1	100	PO\00004		0	SM-A176BZBLINS
GRN	11	1	100	PO\00004		0	SM-A176BZBLINS
GRN	11	1	100	PO\00004		0	SM-A176BZBLINS
GRN	11	1	100	PO\00004		0	SM-A176BZBLINS
GRN	11	1	100	PO\00004		0	SM-A176BZBLINS
GRN	11	1	100	PO\00004		0	SM-A176BZBLINS
GRN	11	1	100	PO\00004		0	SM-A176BZBLINS
GRN	11	1	100	PO\00004		0	SM-A176BZBLINS
GRN	11	1	100	PO\00004		0	SM-A176BZBLINS
GRN	11	1	100	PO\00004		0	SM-A176BZBLINS
GRN	11	1	100	PO\00004		0	SM-A176BZBLINS
GRN	11	1	100	PO\00004		0	SM-A176BZBLINS
GRN	11	1	100	PO\00004		0	SM-A176BZBLINS
GRN	11	1	100	PO\00004		0	SM-A176BZBLINS
GRN	11	1	100	PO\00004		0	SM-A176BZBLINS
GRN	11	1	100	PO\00004		0	SM-A176BZBLINS
GRN	11	1	100	PO\00004		0	SM-A176BZBLINS
GRN	11	1	100	PO\00004		0	SM-A176BZBLINS
GRN	11	1	100	PO\00004		0	SM-A176BZBLINS
GRN	11	1	100	PO\00004		0	SM-A176BZBLINS
GRN	11	1	100	PO\00004		0	SM-A176BZBLINS
GRN	11	1	100	PO\00004		0	SM-A176BZBLINS
GRN	11	1	100	PO\00004		0	SM-A176BZBLINS
GRN	11	1	100	PO\00004		0	SM-A176BZBLINS
GRN	11	1	100	PO\00004		0	SM-A176BZBLINS
GRN	11	1	100	PO\00004		0	SM-A176BZBLINS
GRN	11	1	100	PO\00004		0	SM-A176BZBLINS
GRN	11	1	100	PO\00004		0	SM-A176BZBLINS
GRN	11	1	100	PO\00004		0	SM-A176BZBLINS
GRN	11	1	100	PO\00004		0	SM-A176BZBLINS
GRN	11	1	100	PO\00004		0	SM-A176BZBLINS
GRN	11	1	100	PO\00004		0	SM-A176BZBLINS
GRN	11	1	100	PO\00004		0	SM-A176BZBLINS
GRN	11	1	100	PO\00004		0	SM-A176BZBLINS
GRN	11	1	100	PO\00004		0	SM-A176BZBLINS
GRN	11	1	100	PO\00004		0	SM-A176BZBLINS
GRN	11	1	100	PO\00004		0	SM-A176BZBLINS
GRN	11	1	100	PO\00004		0	SM-A176BZBLINS
GRN	11	1	100	PO\00004		0	SM-A176BZBLINS
GRN	11	1	100	PO\00004		0	SM-A176BZBLINS
GRN	11	1	100	PO\00004		0	SM-A176BZBLINS
GRN	11	1	100	PO\00004		0	SM-A176BZBLINS
GRN	11	1	100	PO\00004		0	SM-A176BZBLINS
GRN	11	1	100	PO\00004		0	SM-A176BZBLINS
GRN	11	1	100	PO\00004		0	SM-A176BZBLINS
GRN	11	1	100	PO\00004		0	SM-A176BZBLINS
GRN	11	1	100	PO\00004		0	SM-A176BZBLINS
GRN	11	1	100	PO\00004		0	SM-A176BZBLINS
GRN	11	1	100	PO\00004		0	SM-A176BZBLINS
GRN	11	1	100	PO\00004		0	SM-A176BZBLINS
GRN	11	1	100	PO\00004		0	SM-A176BZBLINS
GRN	11	1	100	PO\00004		0	SM-A176BZBLINS
GRN	11	1	100	PO\00004		0	SM-A176BZBLINS
GRN	11	1	100	PO\00004		0	SM-A176BZBLINS
GRN	11	1	100	PO\00004		0	SM-A176BZBLINS
GRN	11	1	100	PO\00004		0	SM-A176BZBLINS
GRN	11	1	100	PO\00004		0	SM-A176BZBLINS
GRN	11	1	100	PO\00004		0	SM-A176BZBLINS
GRN	11	1	100	PO\00004		0	SM-A176BZBLINS
GRN	11	1	100	PO\00004		0	SM-A176BZBLINS
GRN	11	1	100	PO\00004		0	SM-A176BZBLINS
GRN	11	1	100	PO\00004		0	SM-A176BZBLINS
GRN	11	1	100	PO\00004		0	SM-A176BZBLINS
GRN	11	1	100	PO\00004		0	SM-A176BZBLINS
GRN	11	1	100	PO\00004		0	SM-A176BZBLINS
GRN	11	1	100	PO\00004		0	SM-A176BZBLINS
GRN	11	1	100	PO\00004		0	SM-A176BZBLINS
GRN	11	1	100	PO\00004		0	SM-A176BZBLINS
GRN	11	1	100	PO\00004		0	SM-A176BZBLINS
GRN	11	1	100	PO\00004		0	SM-A176BZBLINS
GRN	11	1	100	PO\00004		0	SM-A176BZBLINS
GRN	11	1	100	PO\00004		0	SM-A176BZBLINS
GRN	11	1	100	PO\00004		0	SM-A176BZBLINS
GRN	11	1	100	PO\00004		0	SM-A176BZBLINS
GRN	11	1	100	PO\00004		0	SM-A176BZBLINS
GRN	11	1	100	PO\00004		0	SM-A176BZBLINS
GRN	11	1	100	PO\00004		0	SM-A176BZBLINS
GRN	11	1	100	PO\00004		0	SM-A176BZBLINS
GRN	11	1	100	PO\00004		0	SM-A176BZBLINS
GRN	11	1	100	PO\00004		0	SM-A176BZBLINS
GRN	11	1	100	PO\00004		0	SM-A176BZKLINS
GRN	11	1	100	PO\00004		0	SM-A176BZKLINS
GRN	11	1	100	PO\00004		0	SM-A176BZKLINS
GRN	11	1	100	PO\00004		0	SM-A176BZKLINS
GRN	11	1	100	PO\00004		0	SM-A176BZKLINS
GRN	11	1	100	PO\00004		0	SM-A176BZKLINS
GRN	11	1	100	PO\00004		0	SM-A176BZKLINS
GRN	11	1	100	PO\00004		0	SM-A176BZKLINS
GRN	11	1	100	PO\00004		0	SM-A176BZKLINS
GRN	11	1	100	PO\00004		0	SM-A176BZKLINS
GRN	11	1	100	PO\00004		0	SM-A176BZKLINS
GRN	11	1	100	PO\00004		0	SM-A176BZKLINS
GRN	11	1	100	PO\00004		0	SM-A176BZKLINS
GRN	11	1	100	PO\00004		0	SM-A176BZKLINS
GRN	11	1	100	PO\00004		0	SM-A176BZKLINS
GRN	11	1	100	PO\00004		0	SM-A176BZKLINS
GRN	11	1	100	PO\00004		0	SM-A176BZKLINS
GRN	11	1	100	PO\00004		0	SM-A176BZKLINS
GRN	11	1	100	PO\00004		0	SM-A176BZKLINS
GRN	11	1	100	PO\00004		0	SM-A176BZKLINS
GRN	11	1	100	PO\00004		0	SM-A176BZKLINS
GRN	11	1	100	PO\00004		0	SM-A176BZKLINS
GRN	11	1	100	PO\00004		0	SM-A176BZKLINS
GRN	11	1	100	PO\00004		0	SM-A176BZKLINS
GRN	11	1	100	PO\00004		0	SM-A176BZKLINS
GRN	11	1	100	PO\00004		0	SM-A176BZKLINS
GRN	11	1	100	PO\00004		0	SM-A176BZKLINS
GRN	11	1	100	PO\00004		0	SM-A176BZKLINS
GRN	11	1	100	PO\00004		0	SM-A176BZKLINS
GRN	11	1	100	PO\00004		0	SM-A176BZKLINS
GRN	11	1	100	PO\00004		0	SM-A176BZKLINS
GRN	11	1	100	PO\00004		0	SM-A176BZKLINS
GRN	11	1	100	PO\00004		0	SM-A176BZKLINS
GRN	11	1	100	PO\00004		0	SM-A176BZKLINS
GRN	11	1	100	PO\00004		0	SM-A176BZKLINS
GRN	11	1	100	PO\00004		0	SM-A176BZKLINS
GRN	11	1	100	PO\00004		0	SM-A176BZKLINS
GRN	11	1	100	PO\00004		0	SM-A176BZKLINS
GRN	11	1	100	PO\00004		0	SM-A176BZKLINS
GRN	11	1	100	PO\00004		0	SM-A176BZKLINS
GRN	11	1	100	PO\00004		0	SM-A176BZKLINS
GRN	11	1	100	PO\00004		0	SM-A176BZKLINS
GRN	11	1	100	PO\00004		0	SM-A176BZKLINS
GRN	11	1	100	PO\00004		0	SM-A176BZKLINS
GRN	11	1	100	PO\00004		0	SM-A176BZKLINS
GRN	11	1	100	PO\00004		0	SM-A176BZKLINS
GRN	11	1	100	PO\00004		0	SM-A176BZKLINS
GRN	11	1	100	PO\00004		0	SM-A176BZKLINS
GRN	11	1	100	PO\00004		0	SM-A176BZKLINS
GRN	11	1	100	PO\00004		0	SM-A176BZKLINS
GRN	11	1	100	PO\00004		0	SM-A176BZKLINS
GRN	11	1	100	PO\00004		0	SM-A176BZKLINS
GRN	11	1	100	PO\00004		0	SM-A176BZKLINS
GRN	11	1	100	PO\00004		0	SM-A176BZKLINS
GRN	11	1	100	PO\00004		0	SM-A176BZKLINS
GRN	11	1	100	PO\00004		0	SM-A176BZKLINS
GRN	11	1	100	PO\00004		0	SM-A176BZKLINS
GRN	11	1	100	PO\00004		0	SM-A176BZKLINS
GRN	11	1	100	PO\00004		0	SM-A176BZKLINS
GRN	11	1	100	PO\00004		0	SM-A176BZKLINS
GRN	11	1	100	PO\00004		0	SM-A176BZKLINS
GRN	11	1	100	PO\00004		0	SM-A176BZKLINS
GRN	11	1	100	PO\00004		0	SM-A176BZKLINS
GRN	11	1	100	PO\00004		0	SM-A176BZKLINS
GRN	11	1	100	PO\00004		0	SM-A176BZKLINS
GRN	11	1	100	PO\00004		0	SM-A176BZKLINS
GRN	11	1	100	PO\00004		0	SM-A176BZKLINS
GRN	11	1	100	PO\00004		0	SM-A176BZKLINS
GRN	11	1	100	PO\00004		0	SM-A176BZKLINS
GRN	11	1	100	PO\00004		0	SM-A176BZKLINS
GRN	11	1	100	PO\00004		0	SM-A176BZKLINS
GRN	11	1	100	PO\00004		0	SM-A176BZKLINS
GRN	11	1	100	PO\00004		0	SM-A176BZKLINS
GRN	11	1	100	PO\00004		0	SM-A176BZKLINS
GRN	11	1	100	PO\00004		0	SM-A176BZKLINS
GRN	11	1	100	PO\00004		0	SM-A176BZKLINS
GRN	11	1	100	PO\00004		0	SM-A176BZKLINS
GRN	11	1	100	PO\00004		0	SM-A176BZKLINS
GRN	11	1	100	PO\00004		0	SM-A176BZKLINS
GRN	11	1	100	PO\00004		0	SM-A176BZKLINS
GRN	11	1	100	PO\00004		0	SM-A176BZKLINS
GRN	11	1	100	PO\00004		0	SM-A176BZKLINS
GRN	11	1	100	PO\00004		0	SM-A176BZKLINS
GRN	11	1	100	PO\00004		0	SM-A176BZKLINS
GRN	11	1	100	PO\00004		0	SM-A176BZKLINS
GRN	11	1	100	PO\00004		0	SM-A176BZKLINS
GRN	11	1	100	PO\00004		0	SM-A176BZKLINS
GRN	11	1	100	PO\00004		0	SM-A176BZKLINS
GRN	11	1	100	PO\00004		0	SM-A176BZKLINS
GRN	11	1	100	PO\00004		0	SM-A176BZKLINS
GRN	11	1	100	PO\00004		0	SM-A176BZKLINS
GRN	11	1	100	PO\00004		0	SM-A176BZKLINS
GRN	11	1	100	PO\00004		0	SM-A176BZKLINS
GRN	11	1	100	PO\00004		0	SM-A176BZKLINS
GRN	11	1	100	PO\00004		0	SM-A176BZKLINS
GRN	11	1	100	PO\00004		0	SM-A176BZKLINS
GRN	11	1	100	PO\00004		0	SM-A176BZKLINS
GRN	11	1	100	PO\00004		0	SM-A176BZKLINS
GRN	11	1	100	PO\00004		0	SM-A176BZKLINS
GRN	11	1	100	PO\00004		0	SM-A176BZKLINS
GRN	12	1	100	PO\00005		0	SM-A376EZAD
GRN	12	1	100	PO\00005		0	SM-A376EZAD
GRN	12	1	100	PO\00005		0	SM-A376EDGG
GRN	12	1	100	PO\00005		0	SM-A376EDGG
GRN	12	1	100	PO\00005		0	SM-A376EDGG
GRN	12	1	100	PO\00005		0	SM-A376EDGG
GRN	12	1	100	PO\00005		0	SM-A376EDGG
GRN	12	1	100	PO\00005		0	SM-A576BDBF
GRN	12	1	100	PO\00005		0	SM-A576BDBF
GRN	12	1	100	PO\00005		0	SM-A576BDBF
GRN	12	1	100	PO\00005		0	SM-A576BDBF
GRN	12	1	100	PO\00005		0	SM-A576BDBF
GRN	12	1	100	PO\00005		0	SM-A576BDBF
GRN	12	1	100	PO\00005		0	SM-A576BDBF
GRN	12	1	100	PO\00005		0	SM-A576BDBF
GRN	12	1	100	PO\00005		0	SM-A576BDBF
GRN	12	1	100	PO\00005		0	SM-A576BDBF
GRN	12	1	100	PO\00005		0	SM-A576BDBF
GRN	12	1	100	PO\00005		0	SM-A576BDBF
GRN	12	1	100	PO\00005		0	SM-A576BDBF
GRN	12	1	100	PO\00005		0	SM-A576BDBF
GRN	12	1	100	PO\00005		0	SM-A576BDBF
GRN	12	1	100	PO\00005		0	SM-A576BDBF
GRN	12	1	100	PO\00005		0	SM-A576BDBF
GRN	12	1	100	PO\00005		0	SM-A576BDBF
GRN	12	1	100	PO\00005		0	SM-A576BDBF
GRN	12	1	100	PO\00005		0	SM-A576BDBF
GRN	12	1	100	PO\00005		0	SM-A376ELVG
GRN	12	1	100	PO\00005		0	SM-A376ELVG
GRN	12	1	100	PO\00005		0	SM-A376ELVG
GRN	12	1	100	PO\00005		0	SM-A376ELVG
GRN	12	1	100	PO\00005		0	SM-A376ELVG
GRN	12	1	100	PO\00005		0	SM-A376ELVG
GRN	12	1	100	PO\00005		0	SM-A376ELVG
GRN	12	1	100	PO\00005		0	SM-A376ELVG
GRN	12	1	100	PO\00005		0	SM-A376ELVG
GRN	12	1	100	PO\00005		0	SM-A376ELVG
GRN	13	1	100	PO\00018		0	SM-A176BLBL
GRN	13	1	100	PO\00018		0	SM-A176BLBL
GRN	13	1	100	PO\00018		0	SM-A176BLBL
GRN	13	1	100	PO\00018		0	SM-A176BLBL
GRN	13	1	100	PO\00018		0	SM-A176BLBL
GRN	13	1	100	PO\00018		0	SM-A176BLBL
GRN	13	1	100	PO\00018		0	SM-A176BLBL
GRN	13	1	100	PO\00018		0	SM-A176BLBL
GRN	13	1	100	PO\00018		0	SM-A176BLBL
GRN	13	1	100	PO\00018		0	SM-A176BLBL
GRN	13	1	100	PO\00018		0	SM-A176BLBL
GRN	13	1	100	PO\00018		0	SM-A176BLBL
GRN	13	1	100	PO\00018		0	SM-A176BLBL
GRN	13	1	100	PO\00018		0	SM-A176BLBL
GRN	13	1	100	PO\00018		0	SM-A176BLBL
GRN	13	1	100	PO\00018		0	SM-A176BLBL
GRN	13	1	100	PO\00018		0	SM-A176BLBL
GRN	13	1	100	PO\00018		0	SM-A176BLBL
GRN	13	1	100	PO\00018		0	SM-A176BLBL
GRN	13	1	100	PO\00018		0	SM-A176BLBL
GRN	13	1	100	PO\00018		0	SM-A176BLBL
GRN	13	1	100	PO\00018		0	SM-A176BLBL
GRN	13	1	100	PO\00018		0	SM-A176BLBL
GRN	13	1	100	PO\00018		0	SM-A176BLBL
GRN	13	1	100	PO\00018		0	SM-A176BLBL
GRN	13	1	100	PO\00018		0	SM-A176BLBL
GRN	13	1	100	PO\00018		0	SM-A176BLBL
GRN	13	1	100	PO\00018		0	SM-A176BLBL
GRN	13	1	100	PO\00018		0	SM-A176BLBL
GRN	13	1	100	PO\00018		0	SM-A176BLBL
GRN	13	1	100	PO\00018		0	SM-A176BLBL
GRN	13	1	100	PO\00018		0	SM-A176BLBL
GRN	13	1	100	PO\00018		0	SM-A176BLBL
GRN	13	1	100	PO\00018		0	SM-A176BLBL
GRN	13	1	100	PO\00018		0	SM-A176BLBL
GRN	13	1	100	PO\00018		0	SM-A176BLBL
GRN	13	1	100	PO\00018		0	SM-A176BLBL
GRN	13	1	100	PO\00018		0	SM-A176BLBL
GRN	13	1	100	PO\00018		0	SM-A176BLBL
GRN	13	1	100	PO\00018		0	SM-A176BLBL
GRN	13	1	100	PO\00018		0	SM-A176BLBL
GRN	13	1	100	PO\00018		0	SM-A176BLBL
GRN	13	1	100	PO\00018		0	SM-A176BLBL
GRN	13	1	100	PO\00018		0	SM-A176BLBL
GRN	13	1	100	PO\00018		0	SM-A176BLBL
GRN	13	1	100	PO\00018		0	SM-A176BLBL
GRN	13	1	100	PO\00018		0	SM-A176BLBL
GRN	13	1	100	PO\00018		0	SM-A176BLBL
GRN	13	1	100	PO\00018		0	SM-A176BLBL
GRN	13	1	100	PO\00018		0	SM-A176BLBL
GRN	13	1	100	PO\00018		0	SM-A176BLBL
GRN	13	1	100	PO\00018		0	SM-A176BLBL
GRN	13	1	100	PO\00018		0	SM-A176BLBL
GRN	13	1	100	PO\00018		0	SM-A176BLBL
GRN	13	1	100	PO\00018		0	SM-A176BLBL
GRN	13	1	100	PO\00018		0	SM-A176BLBL
GRN	13	1	100	PO\00018		0	SM-A176BLBL
GRN	13	1	100	PO\00018		0	SM-A176BLBL
GRN	13	1	100	PO\00018		0	SM-A176BLBL
GRN	13	1	100	PO\00018		0	SM-A176BLBL
GRN	13	1	100	PO\00018		0	SM-A176BLBL
GRN	13	1	100	PO\00018		0	SM-A176BLBL
GRN	13	1	100	PO\00018		0	SM-A176BLBL
GRN	13	1	100	PO\00018		0	SM-A176BLBL
GRN	13	1	100	PO\00018		0	SM-A176BLBL
GRN	13	1	100	PO\00018		0	SM-A176BLBL
GRN	13	1	100	PO\00018		0	SM-A176BLBL
GRN	13	1	100	PO\00018		0	SM-A176BLBL
GRN	13	1	100	PO\00018		0	SM-A176BLBL
GRN	13	1	100	PO\00018		0	SM-A176BLBL
GRN	13	1	100	PO\00018		0	SM-A176BLBL
GRN	13	1	100	PO\00018		0	SM-A176BLBL
GRN	13	1	100	PO\00018		0	SM-A176BLBL
GRN	13	1	100	PO\00018		0	SM-A176BLBL
GRN	13	1	100	PO\00018		0	SM-A176BLBL
GRN	13	1	100	PO\00018		0	SM-A176BLBL
GRN	13	1	100	PO\00018		0	SM-A176BLBL
GRN	13	1	100	PO\00018		0	SM-A176BLBL
GRN	13	1	100	PO\00018		0	SM-A176BLBL
GRN	13	1	100	PO\00018		0	SM-A176BLBL
GRN	13	1	100	PO\00018		0	SM-A176BLBL
GRN	13	1	100	PO\00018		0	SM-A176BLBL
GRN	13	1	100	PO\00018		0	SM-A176BLBL
GRN	13	1	100	PO\00018		0	SM-A176BLBL
GRN	13	1	100	PO\00018		0	SM-A176BLBL
GRN	13	1	100	PO\00018		0	SM-A176BLBL
GRN	13	1	100	PO\00018		0	SM-A176BLBL
GRN	13	1	100	PO\00018		0	SM-A176BLBL
GRN	13	1	100	PO\00018		0	SM-A176BLBL
GRN	13	1	100	PO\00018		0	SM-A176BLBL
GRN	13	1	100	PO\00018		0	SM-A176BLBL
GRN	13	1	100	PO\00018		0	SM-A176BLBL
GRN	13	1	100	PO\00018		0	SM-A176BLBL
GRN	13	1	100	PO\00018		0	SM-A176BLBL
GRN	13	1	100	PO\00018		0	SM-A176BLBL
GRN	13	1	100	PO\00018		0	SM-A176BLBL
GRN	13	1	100	PO\00018		0	SM-A176BLBL
GRN	13	1	100	PO\00018		0	SM-A176BLBL
GRN	13	1	100	PO\00018		0	SM-A176BLBL
GRN	13	1	100	PO\00018		0	SM-A176BLBL
GRN	13	1	100	PO\00018		0	SM-A176BLBL
GRN	13	1	100	PO\00018		0	SM-A176BLBL
GRN	13	1	100	PO\00018		0	SM-A176BLBL
GRN	13	1	100	PO\00018		0	SM-A176BLBL
GRN	13	1	100	PO\00018		0	SM-A176BLBL
GRN	13	1	100	PO\00018		0	SM-A176BLBL
GRN	13	1	100	PO\00018		0	SM-A176BLBL
GRN	13	1	100	PO\00018		0	SM-A176BLBL
GRN	13	1	100	PO\00018		0	SM-A176BLBL
GRN	13	1	100	PO\00018		0	SM-A176BLBL
GRN	13	1	100	PO\00018		0	SM-A176BLBL
GRN	13	1	100	PO\00018		0	SM-A176BLBL
GRN	13	1	100	PO\00018		0	SM-A176BLBL
GRN	13	1	100	PO\00018		0	SM-A176BLBL
GRN	13	1	100	PO\00018		0	SM-A176BLBL
GRN	13	1	100	PO\00018		0	SM-A176BLBL
GRN	13	1	100	PO\00018		0	SM-A176BLBL
GRN	13	1	100	PO\00018		0	SM-A176BLBL
GRN	13	1	100	PO\00018		0	SM-A176BLBL
GRN	13	1	100	PO\00018		0	SM-A176BLBL
GRN	13	1	100	PO\00018		0	SM-A176BLBL
GRN	13	1	100	PO\00018		0	SM-A176BLBL
GRN	13	1	100	PO\00018		0	SM-A176BLBL
GRN	13	1	100	PO\00018		0	SM-A176BLBL
GRN	13	1	100	PO\00018		0	SM-A176BLBL
GRN	13	1	100	PO\00018		0	SM-A176BLBL
GRN	13	1	100	PO\00018		0	SM-A176BLBL
GRN	13	1	100	PO\00018		0	SM-A176BLBL
GRN	13	1	100	PO\00018		0	SM-A176BLBL
GRN	13	1	100	PO\00018		0	SM-A176BLBL
GRN	13	1	100	PO\00018		0	SM-A176BLBL
GRN	13	1	100	PO\00018		0	SM-A176BLBL
GRN	13	1	100	PO\00018		0	SM-A176BLBL
GRN	13	1	100	PO\00018		0	SM-A176BLBL
GRN	13	1	100	PO\00018		0	SM-A176BLBL
GRN	13	1	100	PO\00018		0	SM-A176BLBL
GRN	13	1	100	PO\00018		0	SM-A176BLBL
GRN	13	1	100	PO\00018		0	SM-A176BLBL
GRN	13	1	100	PO\00018		0	SM-A176BLBL
GRN	13	1	100	PO\00018		0	SM-A176BLBL
GRN	13	1	100	PO\00018		0	SM-A176BLBL
GRN	13	1	100	PO\00018		0	SM-A176BLBL
GRN	13	1	100	PO\00018		0	SM-A176BLBL
GRN	13	1	100	PO\00018		0	SM-A176BLBL
GRN	13	1	100	PO\00018		0	SM-A176BLBL
GRN	13	1	100	PO\00018		0	SM-A176BLBL
GRN	13	1	100	PO\00018		0	SM-A176BLBL
GRN	13	1	100	PO\00018		0	SM-A176BLBL
GRN	13	1	100	PO\00018		0	SM-A176BLBL
GRN	13	1	100	PO\00018		0	SM-A176BLBL
GRN	13	1	100	PO\00018		0	SM-A176BLBL
GRN	13	1	100	PO\00018		0	SM-A176BLBL
GRN	13	1	100	PO\00018		0	SM-A176BLBL
GRN	13	1	100	PO\00018		0	SM-A176BLBL
GRN	13	1	100	PO\00018		0	SM-A176BLBL
GRN	13	1	100	PO\00018		0	SM-A176BLBL
GRN	13	1	100	PO\00018		0	SM-A176BLBL
GRN	13	1	100	PO\00018		0	SM-A176BLBL
GRN	13	1	100	PO\00018		0	SM-A176BLBL
GRN	13	1	100	PO\00018		0	SM-A176BLBL
GRN	13	1	100	PO\00018		0	SM-A176BLBL
GRN	13	1	100	PO\00018		0	SM-A176BLBL
GRN	13	1	100	PO\00018		0	SM-A176BLBL
GRN	13	1	100	PO\00018		0	SM-A176BLBL
GRN	13	1	100	PO\00018		0	SM-A176BLBL
GRN	13	1	100	PO\00018		0	SM-A176BLBL
GRN	13	1	100	PO\00018		0	SM-A176BLBL
GRN	13	1	100	PO\00018		0	SM-A176BLBL
GRN	13	1	100	PO\00018		0	SM-A176BLBL
GRN	13	1	100	PO\00018		0	SM-A176BLBL
GRN	13	1	100	PO\00018		0	SM-A176BLBL
GRN	13	1	100	PO\00018		0	SM-A176BLBL
GRN	13	1	100	PO\00018		0	SM-A176BLBL
GRN	13	1	100	PO\00018		0	SM-A176BLBL
GRN	13	1	100	PO\00018		0	SM-A176BLBL
GRN	13	1	100	PO\00018		0	SM-A176BLBL
GRN	13	1	100	PO\00018		0	SM-A176BLBL
GRN	13	1	100	PO\00018		0	SM-A176BLBL
GRN	13	1	100	PO\00018		0	SM-A176BLBL
GRN	13	1	100	PO\00018		0	SM-A176BLBL
GRN	13	1	100	PO\00018		0	SM-A176BLBL
GRN	13	1	100	PO\00018		0	SM-A176BLBL
GRN	13	1	100	PO\00018		0	SM-A176BLBL
GRN	13	1	100	PO\00018		0	SM-A176BLBL
GRN	13	1	100	PO\00018		0	SM-A176BLBL
GRN	13	1	100	PO\00018		0	SM-A176BLBL
GRN	13	1	100	PO\00018		0	SM-A176BLBL
GRN	13	1	100	PO\00018		0	SM-A176BLBL
GRN	13	1	100	PO\00018		0	SM-A176BLBL
GRN	13	1	100	PO\00018		0	SM-A176BLBL
GRN	13	1	100	PO\00018		0	SM-A176BLBL
GRN	13	1	100	PO\00018		0	SM-A176BLBL
GRN	13	1	100	PO\00018		0	SM-A176BLBL
GRN	13	1	100	PO\00018		0	SM-A176BLBL
GRN	13	1	100	PO\00018		0	SM-A176BLBL
GRN	13	1	100	PO\00018		0	SM-A176BLBL
GRN	13	1	100	PO\00018		0	SM-A176BLBL
GRN	13	1	100	PO\00018		0	SM-A176BLBL
GRN	13	1	100	PO\00018		0	SM-A176BLBL
GRN	13	1	100	PO\00018		0	SM-A176BLBL
GRN	14	1	100	PO\00015		0	SM-S741BLGC
GRN	14	1	100	PO\00015		0	SM-S741BLGC
GRN	14	1	100	PO\00015		0	SM-S741BLGC
GRN	14	1	100	PO\00015		0	SM-S741BLGC
GRN	14	1	100	PO\00015		0	SM-S741BLGC
GRN	14	1	100	PO\00015		0	SM-S741BLGC
GRN	14	1	100	PO\00015		0	SM-S741BLGC
GRN	14	1	100	PO\00015		0	SM-S741BLGC
GRN	14	1	100	PO\00015		0	SM-S741BLGC
GRN	14	1	100	PO\00015		0	SM-S741BLGC
GRN	15	1	100	PO\00017		0	SM-X400NZSE
GRN	15	1	100	PO\00017		0	SM-X400NZSE
GRN	15	1	100	PO\00017		0	SM-X400NZSE
GRN	15	1	100	PO\00017		0	SM-X400NZSE
GRN	15	1	100	PO\00017		0	SM-X400NZSE
GRN	16	1	100	PO\00020		0	SM-E176BLVA
GRN	16	1	100	PO\00020		0	SM-E176BLVA
GRN	16	1	100	PO\00020		0	SM-E176BLVA
GRN	16	1	100	PO\00020		0	SM-E176BLVA
GRN	16	1	100	PO\00020		0	SM-E176BLVA
GRN	16	1	100	PO\00020		0	SM-E176BLVA
GRN	16	1	100	PO\00020		0	SM-E176BLVA
GRN	16	1	100	PO\00020		0	SM-E176BLVA
GRN	16	1	100	PO\00020		0	SM-E176BLVA
GRN	16	1	100	PO\00020		0	SM-E176BLVA
GRN	16	1	100	PO\00020		0	SM-E176BLVA
GRN	16	1	100	PO\00020		0	SM-E176BLVA
GRN	16	1	100	PO\00020		0	SM-E176BLVA
GRN	16	1	100	PO\00020		0	SM-E176BLVA
GRN	16	1	100	PO\00020		0	SM-E176BLVA
GRN	16	1	100	PO\00020		0	SM-E176BLVA
GRN	16	1	100	PO\00020		0	SM-E176BLVA
GRN	16	1	100	PO\00020		0	SM-E176BLVA
GRN	16	1	100	PO\00020		0	SM-E176BLVA
GRN	16	1	100	PO\00020		0	SM-E176BLVA
GRN	16	1	100	PO\00020		0	SM-E176BLVB
GRN	16	1	100	PO\00020		0	SM-E176BLVB
GRN	16	1	100	PO\00020		0	SM-E176BLVB
GRN	16	1	100	PO\00020		0	SM-E176BLVB
GRN	16	1	100	PO\00020		0	SM-E176BLVB
GRN	16	1	100	PO\00020		0	SM-E176BLVB
GRN	16	1	100	PO\00020		0	SM-E176BLVB
GRN	16	1	100	PO\00020		0	SM-E176BLVB
GRN	16	1	100	PO\00020		0	SM-E176BLVB
GRN	16	1	100	PO\00020		0	SM-E176BLVB
GRN	16	1	100	PO\00020		0	SM-E176BLVB
GRN	16	1	100	PO\00020		0	SM-E176BLVB
GRN	16	1	100	PO\00020		0	SM-E176BLVB
GRN	16	1	100	PO\00020		0	SM-E176BLVB
GRN	16	1	100	PO\00020		0	SM-E176BLVB
GRN	16	1	100	PO\00020		0	SM-E176BLVB
GRN	16	1	100	PO\00020		0	SM-E176BLVB
GRN	16	1	100	PO\00020		0	SM-E176BLVB
GRN	16	1	100	PO\00020		0	SM-E176BLVB
GRN	16	1	100	PO\00020		0	SM-E176BLVB
GRN	16	1	100	PO\00020		0	SM-A176BLBL
GRN	16	1	100	PO\00020		0	SM-A176BLBL
GRN	16	1	100	PO\00020		0	SM-A176BLBL
GRN	16	1	100	PO\00020		0	SM-A176BLBL
GRN	16	1	100	PO\00020		0	SM-A176BLBL
GRN	16	1	100	PO\00020		0	SM-A176BLBL
GRN	16	1	100	PO\00020		0	SM-A176BLBL
GRN	16	1	100	PO\00020		0	SM-A176BLBL
GRN	16	1	100	PO\00020		0	SM-A176BLBL
GRN	16	1	100	PO\00020		0	SM-A176BLBL
GRN	16	1	100	PO\00020		0	SM-A176BLBL
GRN	16	1	100	PO\00020		0	SM-A176BLBL
GRN	16	1	100	PO\00020		0	SM-A176BLBL
GRN	16	1	100	PO\00020		0	SM-A176BLBL
GRN	16	1	100	PO\00020		0	SM-A176BLBL
GRN	16	1	100	PO\00020		0	SM-A176BLBL
GRN	16	1	100	PO\00020		0	SM-A176BLBL
GRN	16	1	100	PO\00020		0	SM-A176BLBL
GRN	16	1	100	PO\00020		0	SM-A176BLBL
GRN	16	1	100	PO\00020		0	SM-A176BLBL
GRN	16	1	100	PO\00020		0	SM-A176BLBL
GRN	16	1	100	PO\00020		0	SM-A176BLBL
GRN	16	1	100	PO\00020		0	SM-A176BLBL
GRN	16	1	100	PO\00020		0	SM-A176BLBL
GRN	16	1	100	PO\00020		0	SM-A176BLBL
GRN	16	1	100	PO\00020		0	SM-A176BLBL
GRN	16	1	100	PO\00020		0	SM-A176BLBL
GRN	16	1	100	PO\00020		0	SM-A176BLBL
GRN	16	1	100	PO\00020		0	SM-A176BLBL
GRN	16	1	100	PO\00020		0	SM-A176BLBL
GRN	16	1	100	PO\00020		0	SM-A176BLBL
GRN	16	1	100	PO\00020		0	SM-A176BLBL
GRN	16	1	100	PO\00020		0	SM-A176BLBL
GRN	16	1	100	PO\00020		0	SM-A176BLBL
GRN	16	1	100	PO\00020		0	SM-A176BLBL
GRN	16	1	100	PO\00020		0	SM-A176BLBL
GRN	16	1	100	PO\00020		0	SM-A176BLBL
GRN	16	1	100	PO\00020		0	SM-A176BLBL
GRN	16	1	100	PO\00020		0	SM-A176BLBL
GRN	16	1	100	PO\00020		0	SM-A176BLBL
GRN	16	1	100	PO\00020		0	SM-A176BLBL
GRN	16	1	100	PO\00020		0	SM-A176BLBL
GRN	16	1	100	PO\00020		0	SM-A176BLBL
GRN	16	1	100	PO\00020		0	SM-A176BLBL
GRN	16	1	100	PO\00020		0	SM-A176BLBL
GRN	16	1	100	PO\00020		0	SM-A176BLBL
GRN	16	1	100	PO\00020		0	SM-A176BLBL
GRN	16	1	100	PO\00020		0	SM-A176BLBL
GRN	16	1	100	PO\00020		0	SM-A176BLBL
GRN	16	1	100	PO\00020		0	SM-A176BLBL
GRN	16	1	100	PO\00020		0	SM-A176BLBL
GRN	16	1	100	PO\00020		0	SM-A176BLBL
GRN	16	1	100	PO\00020		0	SM-A176BLBL
GRN	16	1	100	PO\00020		0	SM-A176BLBL
GRN	16	1	100	PO\00020		0	SM-A176BLBL
GRN	16	1	100	PO\00020		0	SM-A176BLBL
GRN	16	1	100	PO\00020		0	SM-A176BLBL
GRN	16	1	100	PO\00020		0	SM-A176BLBL
GRN	16	1	100	PO\00020		0	SM-A176BLBL
GRN	16	1	100	PO\00020		0	SM-A176BLBL
GRN	16	1	100	PO\00020		0	SM-A176BLBL
GRN	16	1	100	PO\00020		0	SM-A176BLBL
GRN	16	1	100	PO\00020		0	SM-A176BLBL
GRN	16	1	100	PO\00020		0	SM-A176BLBL
GRN	16	1	100	PO\00020		0	SM-A176BLBL
GRN	16	1	100	PO\00020		0	SM-A176BLBL
GRN	16	1	100	PO\00020		0	SM-A176BLBL
GRN	16	1	100	PO\00020		0	SM-A176BLBL
GRN	16	1	100	PO\00020		0	SM-A176BLBL
GRN	16	1	100	PO\00020		0	SM-A176BLBL
GRN	16	1	100	PO\00020		0	SM-A176BLBL
GRN	16	1	100	PO\00020		0	SM-A176BLBL
GRN	16	1	100	PO\00020		0	SM-A176BLBL
GRN	16	1	100	PO\00020		0	SM-A176BLBL
GRN	16	1	100	PO\00020		0	SM-A176BLBL
GRN	16	1	100	PO\00020		0	SM-A176BLBL
GRN	16	1	100	PO\00020		0	SM-A176BLBL
GRN	16	1	100	PO\00020		0	SM-A176BLBL
GRN	16	1	100	PO\00020		0	SM-A176BLBL
GRN	16	1	100	PO\00020		0	SM-A176BLBL
GRN	16	1	100	PO\00020		0	SM-A176BLBL
GRN	16	1	100	PO\00020		0	SM-A176BLBL
GRN	16	1	100	PO\00020		0	SM-A176BLBL
GRN	16	1	100	PO\00020		0	SM-A176BLBL
GRN	16	1	100	PO\00020		0	SM-A176BLBL
GRN	16	1	100	PO\00020		0	SM-A176BLBL
GRN	16	1	100	PO\00020		0	SM-A176BLBL
GRN	16	1	100	PO\00020		0	SM-A176BLBL
GRN	16	1	100	PO\00020		0	SM-A176BLBL
GRN	16	1	100	PO\00020		0	SM-A176BLBL
GRN	16	1	100	PO\00020		0	SM-A176BLBL
GRN	16	1	100	PO\00020		0	SM-A176BLBL
GRN	16	1	100	PO\00020		0	SM-A176BLBL
GRN	16	1	100	PO\00020		0	SM-A176BLBL
GRN	16	1	100	PO\00020		0	SM-A176BLBL
GRN	16	1	100	PO\00020		0	SM-A176BLBL
GRN	16	1	100	PO\00020		0	SM-A176BLBL
GRN	16	1	100	PO\00020		0	SM-A176BLBL
GRN	16	1	100	PO\00020		0	SM-A176BLBL
GRN	16	1	100	PO\00020		0	SM-A176BLBL
GRN	16	1	100	PO\00020		0	SM-A176BLBL
GRN	16	1	100	PO\00020		0	SM-A176BLBL
GRN	16	1	100	PO\00020		0	SM-A176BLBL
GRN	16	1	100	PO\00020		0	SM-A176BLBL
GRN	16	1	100	PO\00020		0	SM-A176BLBL
GRN	16	1	100	PO\00020		0	SM-A176BLBL
GRN	16	1	100	PO\00020		0	SM-A176BLBL
GRN	16	1	100	PO\00020		0	SM-A176BLBL
GRN	16	1	100	PO\00020		0	SM-A176BLBL
GRN	16	1	100	PO\00020		0	SM-A176BLBL
GRN	16	1	100	PO\00020		0	SM-A176BLBL
GRN	16	1	100	PO\00020		0	SM-A176BLBL
GRN	16	1	100	PO\00020		0	SM-A176BLBL
GRN	16	1	100	PO\00020		0	SM-A176BLBL
GRN	16	1	100	PO\00020		0	SM-A176BLBL
GRN	16	1	100	PO\00020		0	SM-A176BLBL
GRN	16	1	100	PO\00020		0	SM-A176BLBL
GRN	16	1	100	PO\00020		0	SM-A176BLBL
GRN	16	1	100	PO\00020		0	SM-A176BLBL
GRN	16	1	100	PO\00020		0	SM-A176BLBL
GRN	17	1	100	PO\00019		0	SM-E176BZKB
GRN	17	1	100	PO\00019		0	SM-E176BZKB
GRN	17	1	100	PO\00019		0	SM-E176BZKB
GRN	17	1	100	PO\00019		0	SM-E176BZKB
GRN	17	1	100	PO\00019		0	SM-E176BZKB
GRN	17	1	100	PO\00019		0	SM-E176BZKB
GRN	17	1	100	PO\00019		0	SM-E176BZKB
GRN	17	1	100	PO\00019		0	SM-E176BZKB
GRN	17	1	100	PO\00019		0	SM-E176BZKB
GRN	17	1	100	PO\00019		0	SM-E176BZKB
GRN	17	1	100	PO\00019		0	SM-E176BZKB
GRN	17	1	100	PO\00019		0	SM-E176BZKB
GRN	17	1	100	PO\00019		0	SM-E176BZKB
GRN	17	1	100	PO\00019		0	SM-E176BZKB
GRN	17	1	100	PO\00019		0	SM-E176BZKB
GRN	17	1	100	PO\00019		0	SM-E176BZKB
GRN	17	1	100	PO\00019		0	SM-E176BZKB
GRN	17	1	100	PO\00019		0	SM-E176BZKB
GRN	17	1	100	PO\00019		0	SM-E176BZKB
GRN	17	1	100	PO\00019		0	SM-E176BZKB
GRN	17	1	100	PO\00019		0	SM-A576BZVF
GRN	17	1	100	PO\00019		0	SM-A576BZVF
GRN	17	1	100	PO\00019		0	SM-A576BZVF
GRN	17	1	100	PO\00019		0	SM-A576BZVF
GRN	17	1	100	PO\00019		0	SM-A576BZVF
GRN	17	1	100	PO\00019		0	SM-A576BZVF
GRN	17	1	100	PO\00019		0	SM-A576BZVF
GRN	17	1	100	PO\00019		0	SM-A576BZVF
GRN	17	1	100	PO\00019		0	SM-A576BZVF
GRN	17	1	100	PO\00019		0	SM-A576BZVF
GRN	17	1	100	PO\00019		0	SM-A576BZVF
GRN	17	1	100	PO\00019		0	SM-A576BZVF
GRN	17	1	100	PO\00019		0	SM-A576BZVF
GRN	17	1	100	PO\00019		0	SM-A576BZVF
GRN	17	1	100	PO\00019		0	SM-A576BZVF
GRN	17	1	100	PO\00019		0	SM-A576BZVF
GRN	17	1	100	PO\00019		0	SM-A576BZVF
GRN	17	1	100	PO\00019		0	SM-A576BZVF
GRN	17	1	100	PO\00019		0	SM-A576BZVF
GRN	17	1	100	PO\00019		0	SM-A576BZVF
GRN	18	1	100	PO\00022		0	SM-S942BZVC
GRN	18	1	100	PO\00022		0	SM-S942BZVC
GRN	18	1	100	PO\00022		0	SM-S942BZVC
GRN	18	1	100	PO\00022		0	SM-S942BZVC
GRN	18	1	100	PO\00022		0	SM-S942BZVC
GRN	18	1	100	PO\00022		0	SM-S942BZVC
GRN	18	1	100	PO\00022		0	SM-S942BZVC
GRN	18	1	100	PO\00022		0	SM-S942BZVC
GRN	18	1	100	PO\00022		0	SM-S942BZVC
GRN	18	1	100	PO\00022		0	SM-S942BZVC
GRN	18	1	100	PO\00022		0	SM-S948BZWB
GRN	18	1	100	PO\00022		0	SM-S948BZWB
GRN	18	1	100	PO\00022		0	SM-S948BZWB
GRN	18	1	100	PO\00022		0	SM-S948BZWB
GRN	18	1	100	PO\00022		0	SM-S948BZWB
GRN	18	1	100	PO\00022		0	SM-S948BZVC
GRN	18	1	100	PO\00022		0	SM-S948BZVC
GRN	18	1	100	PO\00022		0	SM-S948BZWC
GRN	18	1	100	PO\00022		0	SM-S948BZWC
GRN	18	1	100	PO\00022		0	SM-S942BLBC
GRN	18	1	100	PO\00022		0	SM-S942BLBC
GRN	18	1	100	PO\00022		0	SM-S942BLBC
GRN	18	1	100	PO\00022		0	SM-S942BLBC
GRN	18	1	100	PO\00022		0	SM-S942BLBC
GRN	19	1	100	PO\00024		0	SM-R640NZKA
GRN	19	1	100	PO\00024		0	SM-R640NZKA
GRN	2	1	100	PO\00001		0	SM-A066BZKG
GRN	2	1	100	PO\00001		0	SM-A066BZKG
GRN	2	1	100	PO\00001		0	SM-A066BZKG
GRN	2	1	100	PO\00001		0	SM-A066BZKG
GRN	2	1	100	PO\00001		0	SM-A066BZKG
GRN	2	1	100	PO\00001		0	SM-A066BZKG
GRN	2	1	100	PO\00001		0	SM-A066BZKG
GRN	2	1	100	PO\00001		0	SM-A066BZKG
GRN	2	1	100	PO\00001		0	SM-A066BZKG
GRN	2	1	100	PO\00001		0	SM-A066BZKG
GRN	2	1	100	PO\00001		0	SM-A066BZKG
GRN	2	1	100	PO\00001		0	SM-A066BZKG
GRN	2	1	100	PO\00001		0	SM-A066BZKG
GRN	2	1	100	PO\00001		0	SM-A066BZKG
GRN	2	1	100	PO\00001		0	SM-A066BZKG
GRN	2	1	100	PO\00001		0	SM-A066BZKG
GRN	2	1	100	PO\00001		0	SM-A066BZKG
GRN	2	1	100	PO\00001		0	SM-A066BZKG
GRN	2	1	100	PO\00001		0	SM-A066BZKG
GRN	2	1	100	PO\00001		0	SM-A066BZKG
GRN	2	1	100	PO\00001		0	SM-A066BZKG
GRN	2	1	100	PO\00001		0	SM-A066BZKG
GRN	2	1	100	PO\00001		0	SM-A066BZKG
GRN	2	1	100	PO\00001		0	SM-A066BZKG
GRN	2	1	100	PO\00001		0	SM-A066BZKG
GRN	2	1	100	PO\00001		0	SM-A066BZKG
GRN	2	1	100	PO\00001		0	SM-A066BZKG
GRN	2	1	100	PO\00001		0	SM-A066BZKG
GRN	2	1	100	PO\00001		0	SM-A066BZKG
GRN	2	1	100	PO\00001		0	SM-A066BZKG
GRN	2	1	100	PO\00001		0	SM-A066BZKG
GRN	2	1	100	PO\00001		0	SM-A066BZKG
GRN	2	1	100	PO\00001		0	SM-A066BZKG
GRN	2	1	100	PO\00001		0	SM-A066BZKG
GRN	2	1	100	PO\00001		0	SM-A066BZKG
GRN	2	1	100	PO\00001		0	SM-A066BZKG
GRN	2	1	100	PO\00001		0	SM-A066BZKG
GRN	2	1	100	PO\00001		0	SM-A066BZKG
GRN	2	1	100	PO\00001		0	SM-A066BZKG
GRN	2	1	100	PO\00001		0	SM-E176BLVA
GRN	2	1	100	PO\00001		0	SM-E176BLVA
GRN	2	1	100	PO\00001		0	SM-E176BLVA
GRN	2	1	100	PO\00001		0	SM-E176BLVA
GRN	2	1	100	PO\00001		0	SM-E176BLVA
GRN	2	1	100	PO\00001		0	SM-E176BLVA
GRN	2	1	100	PO\00001		0	SM-E176BLVA
GRN	2	1	100	PO\00001		0	SM-E176BLVA
GRN	2	1	100	PO\00001		0	SM-E176BLVA
GRN	2	1	100	PO\00001		0	SM-E176BLVA
GRN	2	1	100	PO\00001		0	SM-A066BZKG
GRN	2	1	100	PO\00001		0	SM-A066BZKG
GRN	2	1	100	PO\00001		0	SM-A066BZKG
GRN	2	1	100	PO\00001		0	SM-A066BZKG
GRN	2	1	100	PO\00001		0	SM-A066BZKG
GRN	2	1	100	PO\00001		0	SM-A066BZKG
GRN	2	1	100	PO\00001		0	SM-A066BZKG
GRN	2	1	100	PO\00001		0	SM-A066BZKG
GRN	2	1	100	PO\00001		0	SM-A066BZKG
GRN	2	1	100	PO\00001		0	SM-A066BZKG
GRN	2	1	100	PO\00001		0	SM-A066BZKG
GRN	2	1	100	PO\00001		0	SM-A066BZKG
GRN	2	1	100	PO\00001		0	SM-A066BZKG
GRN	2	1	100	PO\00001		0	SM-A066BZKG
GRN	2	1	100	PO\00001		0	SM-A066BZKG
GRN	2	1	100	PO\00001		0	SM-A066BZKG
GRN	2	1	100	PO\00001		0	SM-A066BZKG
GRN	2	1	100	PO\00001		0	SM-A066BZKG
GRN	2	1	100	PO\00001		0	SM-A066BZKG
GRN	2	1	100	PO\00001		0	SM-A066BZKG
GRN	2	1	100	PO\00001		0	SM-A066BZKG
GRN	2	1	100	PO\00001		0	SM-A066BZKG
GRN	2	1	100	PO\00001		0	SM-A066BZKG
GRN	2	1	100	PO\00001		0	SM-A066BZKG
GRN	2	1	100	PO\00001		0	SM-A066BZKG
GRN	2	1	100	PO\00001		0	SM-A066BZKG
GRN	2	1	100	PO\00001		0	SM-A066BZKG
GRN	2	1	100	PO\00001		0	SM-A066BZKG
GRN	2	1	100	PO\00001		0	SM-A066BZKG
GRN	2	1	100	PO\00001		0	SM-A066BZKG
GRN	2	1	100	PO\00001		0	SM-A066BZKG
GRN	2	1	100	PO\00001		0	SM-A066BZKG
GRN	2	1	100	PO\00001		0	SM-A066BZKG
GRN	2	1	100	PO\00001		0	SM-A066BZKG
GRN	2	1	100	PO\00001		0	SM-A066BZKG
GRN	2	1	100	PO\00001		0	SM-A066BZKG
GRN	2	1	100	PO\00001		0	SM-A066BZKG
GRN	2	1	100	PO\00001		0	SM-A066BZKG
GRN	2	1	100	PO\00001		0	SM-A066BZKG
GRN	2	1	100	PO\00001		0	SM-A066BZKG
GRN	2	1	100	PO\00001		0	SM-A066BZKG
GRN	20	1	100	PO\00023		0	SM-L715FZKA
GRN	20	1	100	PO\00023		0	SM-L715FZKA
GRN	20	1	100	PO\00023		0	SM-L715FZKA
GRN	20	1	100	PO\00023		0	SM-L715FZKA
GRN	20	1	100	PO\00023		0	SM-L715FZKA
GRN	20	1	100	PO\00023		0	SM-L715FZKA
GRN	20	1	100	PO\00023		0	SM-L715FZKA
GRN	20	1	100	PO\00023		0	SM-L715FZKA
GRN	20	1	100	PO\00023		0	SM-L715FZKA
GRN	20	1	100	PO\00023		0	SM-L715FZKA
GRN	21	1	100	PO\00021		0	SM-S942BZVC
GRN	21	1	100	PO\00021		0	SM-S942BZVC
GRN	21	1	100	PO\00021		0	SM-S942BZVC
GRN	21	1	100	PO\00021		0	SM-S942BZVC
GRN	21	1	100	PO\00021		0	SM-S942BZVC
GRN	21	1	100	PO\00021		0	SM-S942BZVC
GRN	21	1	100	PO\00021		0	SM-S942BZVC
GRN	21	1	100	PO\00021		0	SM-S942BZVC
GRN	21	1	100	PO\00021		0	SM-S942BZVC
GRN	21	1	100	PO\00021		0	SM-S942BZVC
GRN	21	1	100	PO\00021		0	SM-S948BZVC
GRN	21	1	100	PO\00021		0	SM-S948BZVC
GRN	21	1	100	PO\00021		0	SM-S948BZVC
GRN	21	1	100	PO\00021		0	SM-S948BZVC
GRN	21	1	100	PO\00021		0	SM-S948BZVC
GRN	3	1	100	PO\00006		0	SM-A376EDGG
GRN	3	1	100	PO\00006		0	SM-A376EDGG
GRN	3	1	100	PO\00006		0	SM-A376EDGG
GRN	3	1	100	PO\00006		0	SM-A376EDGG
GRN	3	1	100	PO\00006		0	SM-A376EDGG
GRN	3	1	100	PO\00006		0	SM-A376EDGG
GRN	3	1	100	PO\00006		0	SM-A576BZVF
GRN	3	1	100	PO\00006		0	SM-A576BZVF
GRN	3	1	100	PO\00006		0	SM-A576BZVF
GRN	3	1	100	PO\00006		0	SM-A576BZVF
GRN	3	1	100	PO\00006		0	SM-A576BZVF
GRN	3	1	100	PO\00006		0	SM-A576BZVF
GRN	3	1	100	PO\00006		0	SM-A576BZVF
GRN	3	1	100	PO\00006		0	SM-A576BZVF
GRN	3	1	100	PO\00006		0	SM-A576BZVF
GRN	3	1	100	PO\00006		0	SM-A576BZVF
GRN	3	1	100	PO\00006		0	SM-A576BLBF
GRN	3	1	100	PO\00006		0	SM-A576BLBF
GRN	3	1	100	PO\00006		0	SM-A576BLBF
GRN	3	1	100	PO\00006		0	SM-A576BLBF
GRN	3	1	100	PO\00006		0	SM-A576BLBF
GRN	3	1	100	PO\00006		0	SM-A376EZAD
GRN	3	1	100	PO\00006		0	SM-A376EZAD
GRN	3	1	100	PO\00006		0	SM-A376EZAD
GRN	3	1	100	PO\00006		0	SM-A376EZAD
GRN	3	1	100	PO\00006		0	SM-A376EZAD
GRN	3	1	100	PO\00006		0	SM-A376EZAD
GRN	3	1	100	PO\00006		0	SM-A376EZAD
GRN	3	1	100	PO\00006		0	SM-A376EZAD
GRN	3	1	100	PO\00006		0	SM-A376EZAD
GRN	3	1	100	PO\00006		0	SM-A376EZAD
GRN	3	1	100	PO\00006		0	SM-A376EDGG
GRN	3	1	100	PO\00006		0	SM-A376EDGG
GRN	3	1	100	PO\00006		0	SM-A376EDGG
GRN	3	1	100	PO\00006		0	SM-A376EDGG
GRN	4	1	100	PO\00003		0	SM-S942BZKC
GRN	4	1	100	PO\00003		0	SM-S942BZKC
GRN	4	1	100	PO\00003		0	SM-S942BZKC
GRN	4	1	100	PO\00003		0	SM-S942BZKC
GRN	4	1	100	PO\00003		0	SM-S942BZKC
GRN	4	1	100	PO\00003		0	SM-S942BZVC
GRN	4	1	100	PO\00003		0	SM-S942BZVC
GRN	4	1	100	PO\00003		0	SM-S942BZVC
GRN	4	1	100	PO\00003		0	SM-S942BZVC
GRN	4	1	100	PO\00003		0	SM-S942BZVC
GRN	4	1	100	PO\00003		0	SM-A176BZKLINS
GRN	4	1	100	PO\00003		0	SM-A176BZKLINS
GRN	4	1	100	PO\00003		0	SM-A176BZKLINS
GRN	4	1	100	PO\00003		0	SM-A176BZKLINS
GRN	4	1	100	PO\00003		0	SM-A176BZKLINS
GRN	4	1	100	PO\00003		0	SM-A176BZKLINS
GRN	4	1	100	PO\00003		0	SM-A176BZKLINS
GRN	4	1	100	PO\00003		0	SM-A176BZKLINS
GRN	4	1	100	PO\00003		0	SM-A176BZKLINS
GRN	4	1	100	PO\00003		0	SM-A176BZKLINS
GRN	4	1	100	PO\00003		0	SM-A176BZKLINS
GRN	4	1	100	PO\00003		0	SM-A176BZKLINS
GRN	4	1	100	PO\00003		0	SM-A176BZKLINS
GRN	4	1	100	PO\00003		0	SM-A176BZKLINS
GRN	4	1	100	PO\00003		0	SM-A176BZKLINS
GRN	4	1	100	PO\00003		0	SM-A176BZKLINS
GRN	4	1	100	PO\00003		0	SM-A176BZKLINS
GRN	4	1	100	PO\00003		0	SM-A176BZKLINS
GRN	4	1	100	PO\00003		0	SM-A176BZKLINS
GRN	4	1	100	PO\00003		0	SM-A176BZKLINS
GRN	4	1	100	PO\00003		0	SM-A176BZKLINS
GRN	4	1	100	PO\00003		0	SM-A176BZKLINS
GRN	4	1	100	PO\00003		0	SM-A176BZKLINS
GRN	4	1	100	PO\00003		0	SM-A176BZKLINS
GRN	4	1	100	PO\00003		0	SM-A176BZKLINS
GRN	4	1	100	PO\00003		0	SM-A176BZKLINS
GRN	4	1	100	PO\00003		0	SM-A176BZKLINS
GRN	4	1	100	PO\00003		0	SM-A176BZKLINS
GRN	4	1	100	PO\00003		0	SM-A176BZKLINS
GRN	4	1	100	PO\00003		0	SM-A176BZKLINS
GRN	4	1	100	PO\00003		0	SM-A176BZKLINS
GRN	4	1	100	PO\00003		0	SM-A176BZKLINS
GRN	4	1	100	PO\00003		0	SM-A176BZKLINS
GRN	4	1	100	PO\00003		0	SM-A176BZKLINS
GRN	4	1	100	PO\00003		0	SM-A176BZKLINS
GRN	4	1	100	PO\00003		0	SM-A176BZKLINS
GRN	4	1	100	PO\00003		0	SM-A176BZKLINS
GRN	4	1	100	PO\00003		0	SM-A176BZKLINS
GRN	4	1	100	PO\00003		0	SM-A176BZKLINS
GRN	4	1	100	PO\00003		0	SM-A176BZKLINS
GRN	4	1	100	PO\00003		0	SM-A176BZKLINS
GRN	4	1	100	PO\00003		0	SM-A176BZKLINS
GRN	4	1	100	PO\00003		0	SM-A176BZKLINS
GRN	4	1	100	PO\00003		0	SM-A176BZKLINS
GRN	4	1	100	PO\00003		0	SM-A176BZKLINS
GRN	4	1	100	PO\00003		0	SM-A176BZKLINS
GRN	4	1	100	PO\00003		0	SM-A176BZKLINS
GRN	4	1	100	PO\00003		0	SM-A176BZKLINS
GRN	4	1	100	PO\00003		0	SM-A176BZKLINS
GRN	4	1	100	PO\00003		0	SM-A176BZKLINS
GRN	5	1	100	PO\00008		0	SM-X400NZAA
GRN	5	1	100	PO\00008		0	SM-X400NZAA
GRN	5	1	100	PO\00008		0	SM-X400NZAA
GRN	5	1	100	PO\00008		0	SM-X400NZAA
GRN	5	1	100	PO\00008		0	SM-X400NZAA
GRN	5	1	100	PO\00008		0	SM-X400NZAA
GRN	5	1	100	PO\00008		0	SM-X400NZAA
GRN	5	1	100	PO\00008		0	SM-X400NZAA
GRN	5	1	100	PO\00008		0	SM-X400NZAA
GRN	5	1	100	PO\00008		0	SM-X400NZAA
GRN	5	1	100	PO\00008		0	SM-X406BZAE
GRN	5	1	100	PO\00008		0	SM-X406BZAE
GRN	5	1	100	PO\00008		0	SM-X406BZAE
GRN	5	1	100	PO\00008		0	SM-X406BZAE
GRN	5	1	100	PO\00008		0	SM-X406BZAE
GRN	6	1	100	PO\00007		0	SM-X400NZSA
GRN	6	1	100	PO\00007		0	SM-X400NZSA
GRN	6	1	100	PO\00007		0	SM-X400NZSA
GRN	6	1	100	PO\00007		0	SM-X400NZSA
GRN	6	1	100	PO\00007		0	SM-X400NZSA
GRN	6	1	100	PO\00007		0	SM-X400NZSA
GRN	6	1	100	PO\00007		0	SM-X400NZSA
GRN	6	1	100	PO\00007		0	SM-X400NZSA
GRN	6	1	100	PO\00007		0	SM-X400NZSA
GRN	6	1	100	PO\00007		0	SM-X400NZSA
GRN	6	1	100	PO\00007		0	SM-X406BZSE
GRN	6	1	100	PO\00007		0	SM-X406BZSE
GRN	6	1	100	PO\00007		0	SM-X406BZSE
GRN	6	1	100	PO\00007		0	SM-X406BZSE
GRN	6	1	100	PO\00007		0	SM-X406BZSE
GRN	7	1	100	PO\00011		0	SM-A176BZALINS
GRN	7	1	100	PO\00011		0	SM-A176BZALINS
GRN	7	1	100	PO\00011		0	SM-A176BZALINS
GRN	7	1	100	PO\00011		0	SM-A176BZALINS
GRN	7	1	100	PO\00011		0	SM-A176BZALINS
GRN	7	1	100	PO\00011		0	SM-A176BZALINS
GRN	7	1	100	PO\00011		0	SM-A176BZALINS
GRN	7	1	100	PO\00011		0	SM-A176BZALINS
GRN	7	1	100	PO\00011		0	SM-F976BZWD
GRN	7	1	100	PO\00011		0	SM-S741BZKC
GRN	7	1	100	PO\00011		0	SM-S741BZKC
GRN	7	1	100	PO\00011		0	SM-S741BZKC
GRN	7	1	100	PO\00011		0	SM-S741BZKC
GRN	7	1	100	PO\00011		0	SM-S741BZKC
GRN	7	1	100	PO\00011		0	SM-S741BZKC
GRN	7	1	100	PO\00011		0	SM-S741BZKC
GRN	7	1	100	PO\00011		0	SM-S741BZKC
GRN	7	1	100	PO\00011		0	SM-S741BZKC
GRN	7	1	100	PO\00011		0	SM-S741BZKC
GRN	7	1	100	PO\00011		0	SM-S741BZKC
GRN	7	1	100	PO\00011		0	SM-S741BZKC
GRN	7	1	100	PO\00011		0	SM-S741BZKC
GRN	7	1	100	PO\00011		0	SM-S741BZKC
GRN	7	1	100	PO\00011		0	SM-S741BZKC
GRN	7	1	100	PO\00011		0	SM-S741BZKC
GRN	7	1	100	PO\00011		0	SM-S741BZKC
GRN	7	1	100	PO\00011		0	SM-S741BZKC
GRN	7	1	100	PO\00011		0	SM-S741BZKC
GRN	7	1	100	PO\00011		0	SM-S741BZKC
GRN	7	1	100	PO\00011		0	SM-S741BZVC
GRN	7	1	100	PO\00011		0	SM-S741BZVC
GRN	7	1	100	PO\00011		0	SM-S741BZVC
GRN	7	1	100	PO\00011		0	SM-S741BZVC
GRN	7	1	100	PO\00011		0	SM-S741BZVC
GRN	8	1	100	PO\00010		0	SM-A576BDBF
GRN	8	1	100	PO\00010		0	SM-A576BDBF
GRN	8	1	100	PO\00010		0	SM-A576BDBF
GRN	8	1	100	PO\00010		0	SM-A576BDBF
GRN	8	1	100	PO\00010		0	SM-A576BDBF
GRN	8	1	100	PO\00010		0	SM-A576BDBF
GRN	8	1	100	PO\00010		0	SM-A576BDBF
GRN	8	1	100	PO\00010		0	SM-A576BDBF
GRN	8	1	100	PO\00010		0	SM-A576BDBF
GRN	8	1	100	PO\00010		0	SM-A576BDBF
GRN	8	1	100	PO\00010		0	SM-A576BLBF
GRN	8	1	100	PO\00010		0	SM-A576BLBF
GRN	8	1	100	PO\00010		0	SM-A576BLBF
GRN	8	1	100	PO\00010		0	SM-A576BLBF
GRN	8	1	100	PO\00010		0	SM-A576BLBF
GRN	8	1	100	PO\00010		0	SM-A176BZALINS
GRN	8	1	100	PO\00010		0	SM-A176BZALINS
GRN	8	1	100	PO\00010		0	SM-A176BZALINS
GRN	8	1	100	PO\00010		0	SM-A176BZALINS
GRN	8	1	100	PO\00010		0	SM-A176BZALINS
GRN	8	1	100	PO\00010		0	SM-A176BZALINS
GRN	8	1	100	PO\00010		0	SM-A176BZALINS
GRN	8	1	100	PO\00010		0	SM-A176BZALINS
GRN	8	1	100	PO\00010		0	SM-A176BZALINS
GRN	8	1	100	PO\00010		0	SM-A176BZALINS
GRN	8	1	100	PO\00010		0	SM-A176BZALINS
GRN	8	1	100	PO\00010		0	SM-A176BZALINS
GRN	9	1	100	PO\00014		0	SM-S741BLGB
GRN	9	1	100	PO\00014		0	SM-S741BLGB
GRN	9	1	100	PO\00014		0	SM-S741BLGB
GRN	9	1	100	PO\00014		0	SM-S741BLGB
GRN	9	1	100	PO\00014		0	SM-S741BLGB